uid,namedLocation,date,eventID,domainID,siteID,plotID,subplotID,individualID,tempStemID,tagStatus,growthForm,plantStatus,stemDiameter,measurementHeight,height,baseCrownHeight,breakHeight,breakDiameter,maxCrownDiameter,ninetyCrownDiameter,canopyPosition,shape,basalStemDiameter,basalStemDiameterMsrmntHeight,maxBaseCrownDiameter,ninetyBaseCrownDiameter,dendrometerInstallationDate,initialGapMeasurementDate,initialBandStemDiameter,initialDendrometerGap,dendrometerHeight,dendrometerGap,dendrometerCondition,bandStemDiameter,remarks,recordedBy,measuredBy,dataQF
"d4c81090-9985-4679-8454-8fdd3a63f0fb","BONA_086.basePlot.vst","2016-07-01","vst_BONA_2016","D19","BONA","BONA_086",,"NEON.PLA.D19.BONA.01504",,,"single bole tree","Live",15.2,130,,,,,,,"Open grown",,,,,,,,,,,,,,"QC0","rpernick@field-ops.org","mgrandfield@field-ops.org","legacyData | noMapTagData"
"13ae4e55-df0a-413b-9f47-100bec9f425f","BONA_086.basePlot.vst","2016-07-01","vst_BONA_2016","D19","BONA","BONA_086",,"NEON.PLA.D19.BONA.01344",,,"sapling","Live",3.1,10,,,,,,,"Partially shaded",,,,,,,,,,,,,,,"kjorgenson@field-ops.org","whendricks@field-ops.org","legacyData | noMapTagData"
"bc27c6f1-4c26-4821-bfa3-96b673098547","BONA_086.basePlot.vst","2016-07-01","vst_BONA_2016","D19","BONA","BONA_086",,"NEON.PLA.D19.BONA.01346",,,"sapling","Live",2.2,10,,,,,,,"Mostly shaded",,,,,,,,,,,,,,"QC0","kjorgenson@field-ops.org","whendricks@field-ops.org","legacyData | noMapTagData"
"f7c3e125-feb9-42cd-a14a-b9eaf9e9e8f4","BONA_086.basePlot.vst","2016-07-01","vst_BONA_2016","D19","BONA","BONA_086",,"NEON.PLA.D19.BONA.01296",,,"small shrub","Live",1.6,10,1.6,,,,0.7,0.6,"Partially shaded","cylinder",,,,,,,,,,,,,,"rpernick@field-ops.org","mgrandfield@field-ops.org","legacyData | noMapTagData"
"768afbfa-8dad-420b-8e9b-47bdb2ea16b8","BONA_086.basePlot.vst","2016-07-01","vst_BONA_2016","D19","BONA","BONA_086",,"NEON.PLA.D19.BONA.01329",,,"single bole tree","Live",10.5,130,,,,,,,"Full sun",,,,,,,,,,,,,,,"kjorgenson@field-ops.org","whendricks@field-ops.org","legacyData | noMapTagData"
"d6ea3dad-b733-487b-af39-d3158f99c96c","BONA_086.basePlot.vst","2016-07-01","vst_BONA_2016","D19","BONA","BONA_086",,"NEON.PLA.D19.BONA.01343",,,"small shrub","Live",1.2,10,1.1,,,,0.9,0.7,"Mostly shaded","oblate half-sphere",,,,,,,,,,,,,"QC0","kjorgenson@field-ops.org","whendricks@field-ops.org","legacyData | noMapTagData"
"e5034182-395c-4956-9d74-87632e7b5277","BONA_086.basePlot.vst","2016-07-01","vst_BONA_2016","D19","BONA","BONA_086",,"NEON.PLA.D19.BONA.01294",,,"sapling","Live",1.3,10,,,,,,,"Partially shaded",,,,,,,,,,,,,,,"rpernick@field-ops.org","mgrandfield@field-ops.org","legacyData | noMapTagData"
"d6ae0b21-0eeb-4e60-ac1c-371f03b0d57c","BONA_086.basePlot.vst","2016-07-01","vst_BONA_2016","D19","BONA","BONA_086",,"NEON.PLA.D19.BONA.01297",,,"small shrub","Live",1.2,10,0.9,,,,1.1,0.7,"Partially shaded","half-sphere",,,,,,,,,,,,,,"rpernick@field-ops.org","mgrandfield@field-ops.org","legacyData | noMapTagData"
"2da9bcd0-b939-48ce-b20b-4072070b4674","BONA_086.basePlot.vst","2016-07-01","vst_BONA_2016","D19","BONA","BONA_086",,"NEON.PLA.D19.BONA.01341",,,"sapling","Live",1.1,10,,,,,,,"Mostly shaded",,,,,,,,,,,,,,,"kjorgenson@field-ops.org","whendricks@field-ops.org","legacyData | noMapTagData"
"b0eaff4a-b97d-42fd-8235-bfe7fff187f1","BONA_086.basePlot.vst","2016-07-01","vst_BONA_2016","D19","BONA","BONA_086",,"NEON.PLA.D19.BONA.01198",,,"small shrub","Live",1.2,10,0.7,,,,0.6,0.5,"Partially shaded","half-sphere",,,,,,,,,,,,,,"rpernick@field-ops.org","mgrandfield@field-ops.org","legacyData | noMapTagData"
"10a5b3b5-79df-4816-84c6-de64177f208b","BONA_086.basePlot.vst","2016-07-01","vst_BONA_2016","D19","BONA","BONA_086",,"NEON.PLA.D19.BONA.01287",,,"small shrub","Live",1.1,10,1.3,,,,0.6,0.5,"Partially shaded","half-sphere",,,,,,,,,,,,,,"rpernick@field-ops.org","mgrandfield@field-ops.org","legacyData | noMapTagData"
"fd59c3dc-9477-4b68-9b4c-9fc7a7573394","BONA_086.basePlot.vst","2016-07-01","vst_BONA_2016","D19","BONA","BONA_086",,"NEON.PLA.D19.BONA.01299",,,"sapling","Standing dead",1.4,10,,,,,,,"Partially shaded",,,,,,,,,,,,,,,"rpernick@field-ops.org","mgrandfield@field-ops.org","legacyData | noMapTagData"
"be714c28-b414-41e2-9273-5faa45d1bfc7","BONA_086.basePlot.vst","2016-07-01","vst_BONA_2016","D19","BONA","BONA_086",,"NEON.PLA.D19.BONA.01249",,,"small shrub","Live",1.6,10,0.6,,,,0.4,0.3,"Partially shaded","cylinder",,,,,,,,,,,,,,"rpernick@field-ops.org","mgrandfield@field-ops.org","legacyData | noMapTagData"
"904c35a3-23be-4c8d-9604-3d6595996f47","BONA_086.basePlot.vst","2016-07-01","vst_BONA_2016","D19","BONA","BONA_086",,"NEON.PLA.D19.BONA.01300",,,"single shrub","Live",1.7,10,1.3,,,,1.5,1.0,"Full sun","half-sphere",,,,,,,,,,,,,,"rpernick@field-ops.org","mgrandfield@field-ops.org","legacyData | noMapTagData"
"026efb45-40be-40c3-afd9-c3ddd2978d3a","BONA_086.basePlot.vst","2016-07-01","vst_BONA_2016","D19","BONA","BONA_086",,"NEON.PLA.D19.BONA.01245",,,"small shrub","Live",1.9,10,1.5,,,,0.4,0.3,"Partially shaded","cylinder",,,,,,,,,,,,,"QC0","rpernick@field-ops.org","mgrandfield@field-ops.org","legacyData | noMapTagData"
"4d3b8e7c-d1d0-4126-bc84-f7188fff6c72","BONA_086.basePlot.vst","2016-07-01","vst_BONA_2016","D19","BONA","BONA_086",,"NEON.PLA.D19.BONA.01247",,,"small tree","Live",4.7,130,,,,,,,"Full sun",,,,,,,,,,,,,,,"rpernick@field-ops.org","mgrandfield@field-ops.org","legacyData | noMapTagData"
"15144220-fd90-42d2-8228-f776138ae6e4","BONA_086.basePlot.vst","2016-07-01","vst_BONA_2016","D19","BONA","BONA_086",,"NEON.PLA.D19.BONA.01283",,,"small shrub","Live,  other damage",1.4,10,,,,,,,"Partially shaded",,,,,,,,,,,,,,,"rpernick@field-ops.org","mgrandfield@field-ops.org","legacyData | noMapTagData"
"a188399a-cfb2-4995-a1f9-4a7c482edaa3","BONA_086.basePlot.vst","2016-07-01","vst_BONA_2016","D19","BONA","BONA_086",,"NEON.PLA.D19.BONA.01243",,,"small shrub","Live",1.0,10,0.8,,,,0.6,0.4,"Partially shaded","half-sphere",,,,,,,,,,,,,"QC0","rpernick@field-ops.org","mgrandfield@field-ops.org","legacyData | noMapTagData"
"72c67ead-533a-4c43-b939-1350b2fa4ad7","BONA_086.basePlot.vst","2016-07-01","vst_BONA_2016","D19","BONA","BONA_086",,"NEON.PLA.D19.BONA.01340",,,"small tree","Live",1.0,130,,,,,,,"Partially shaded",,,,,,,,,,,,,,,"kjorgenson@field-ops.org","whendricks@field-ops.org","legacyData | noMapTagData"
"2c75cfab-8b59-4d98-9417-34c778645cff","BONA_086.basePlot.vst","2016-07-01","vst_BONA_2016","D19","BONA","BONA_086",,"NEON.PLA.D19.BONA.01248",,,"sapling","Live",1.1,10,,,,,,,"Partially shaded",,,,,,,,,,,,,,,"rpernick@field-ops.org","mgrandfield@field-ops.org","legacyData | noMapTagData"
"f6c34f8a-38b2-4fb5-bf74-bb48d3ffd5df","BONA_086.basePlot.vst","2016-07-01","vst_BONA_2016","D19","BONA","BONA_086",,"NEON.PLA.D19.BONA.01290",,,"single shrub","Standing dead",4.1,10,3.2,,,,3.9,2.6,"Full sun",,,,,,,,,,,,,,,"rpernick@field-ops.org","mgrandfield@field-ops.org","legacyData | noMapTagData"
"10569305-906d-45f8-9309-9afa79628b4c","BONA_086.basePlot.vst","2016-07-01","vst_BONA_2016","D19","BONA","BONA_086",,"NEON.PLA.D19.BONA.01293",,,"small shrub","Live,  other damage",1.4,10,1.0,,,,0.3,0.3,"Partially shaded","half-sphere",,,,,,,,,,,,,,"rpernick@field-ops.org","mgrandfield@field-ops.org","legacyData | noMapTagData"
"d3b7aa00-ee41-44c3-bf98-be220263fa5e","BONA_086.basePlot.vst","2016-07-01","vst_BONA_2016","D19","BONA","BONA_086",,"NEON.PLA.D19.BONA.01286",,,"small tree","Live",2.7,130,,,,,,,"Partially shaded",,,,,,,,,,,,,,,"rpernick@field-ops.org","mgrandfield@field-ops.org","legacyData | noMapTagData"
"db08aaed-6ef1-48d7-a393-f2750f418690","BONA_086.basePlot.vst","2016-07-01","vst_BONA_2016","D19","BONA","BONA_086",,"NEON.PLA.D19.BONA.01282",,,"small shrub","Live",1.5,10,1.1,,,,0.5,0.3,"Partially shaded","cylinder",,,,,,,,,,,,,,"rpernick@field-ops.org","mgrandfield@field-ops.org","legacyData | noMapTagData"
"0a814bd4-e263-4a27-a5d8-ce8ebab3e2f3","BONA_086.basePlot.vst","2016-07-01","vst_BONA_2016","D19","BONA","BONA_086",,"NEON.PLA.D19.BONA.01327",,,"single bole tree","Live",12.1,130,,,,,,,"Full sun",,,,,,,,,,,,,,,"kjorgenson@field-ops.org","whendricks@field-ops.org","legacyData | noMapTagData"
"57dfdefe-8672-4434-b97f-8375a47d589b","BONA_086.basePlot.vst","2016-07-01","vst_BONA_2016","D19","BONA","BONA_086",,"NEON.PLA.D19.BONA.01276",,,"sapling","Live",2.5,10,,,,,,,"Partially shaded",,,,,,,,,,,,,,,"rpernick@field-ops.org","mgrandfield@field-ops.org","legacyData | noMapTagData"
"fea59975-aaf2-4556-8e06-e1fce5f35117","BONA_086.basePlot.vst","2016-07-01","vst_BONA_2016","D19","BONA","BONA_086",,"NEON.PLA.D19.BONA.01339",,,"small tree","Live",1.8,130,,,,,,,"Partially shaded",,,,,,,,,,,,,,,"kjorgenson@field-ops.org","whendricks@field-ops.org","legacyData | noMapTagData"
"06f5ca00-8aea-487d-9e42-a78aa7baec68","BONA_086.basePlot.vst","2016-07-01","vst_BONA_2016","D19","BONA","BONA_086",,"NEON.PLA.D19.BONA.01335",,,"small tree","Standing dead",3.7,10,,,,,,,"Partially shaded",,,,,,,,,,,,,,"Broken bole","kjorgenson@field-ops.org","whendricks@field-ops.org","legacyData | noMapTagData"
"809fe0a0-9eef-4221-934d-d4247f61e16f","BONA_086.basePlot.vst","2016-07-01","vst_BONA_2016","D19","BONA","BONA_086",,"NEON.PLA.D19.BONA.01330",,,"single bole tree","Live",12.5,130,,,,,,,"Full sun",,,,,,,,,,,,,,,"kjorgenson@field-ops.org","whendricks@field-ops.org","legacyData | noMapTagData"
"b467cc95-e0d6-42c8-8a79-657b7628a7bf","BONA_086.basePlot.vst","2016-07-01","vst_BONA_2016","D19","BONA","BONA_086",,"NEON.PLA.D19.BONA.01242",,,"sapling","Live",1.3,10,,,,,,,"Partially shaded",,,,,,,,,,,,,,,"rpernick@field-ops.org","mgrandfield@field-ops.org","legacyData | noMapTagData"
"58aae03c-a398-4d22-b6c4-5aed46628da9","BONA_086.basePlot.vst","2016-07-01","vst_BONA_2016","D19","BONA","BONA_086",,"NEON.PLA.D19.BONA.01333",,,"single bole tree","Live",12.1,130,,,,,,,"Full sun",,,,,,,,,,,,,,,"kjorgenson@field-ops.org","whendricks@field-ops.org","legacyData | noMapTagData"
"ab74088c-79ee-41f1-8baa-155b56b0916a","BONA_086.basePlot.vst","2016-07-01","vst_BONA_2016","D19","BONA","BONA_086",,"NEON.PLA.D19.BONA.01246",,,"small tree","Live",4.1,130,,,,,,,"Full sun",,,,,,,,,,,,,,,"rpernick@field-ops.org","mgrandfield@field-ops.org","legacyData | noMapTagData"
"7e38be21-bb28-4445-bf4c-7c17b2b9b89a","BONA_086.basePlot.vst","2016-07-01","vst_BONA_2016","D19","BONA","BONA_086",,"NEON.PLA.D19.BONA.01267",,,"single bole tree","Live",15.1,130,,,,,,,"Open grown",,,,,,,,,,,,,,,"kjorgenson@field-ops.org","whendricks@field-ops.org","legacyData | noMapTagData"
"7e57f410-23e6-455d-83f4-f62309adde8f","BONA_086.basePlot.vst","2016-07-01","vst_BONA_2016","D19","BONA","BONA_086",,"NEON.PLA.D19.BONA.01288",,,"small shrub","Live",2.0,10,2.0,,,,0.4,0.3,"Partially shaded","cylinder",,,,,,,,,,,,,,"rpernick@field-ops.org","mgrandfield@field-ops.org","legacyData | noMapTagData"
"28416b2d-cb9d-4657-ba55-44327b84e552","BONA_086.basePlot.vst","2016-07-01","vst_BONA_2016","D19","BONA","BONA_086",,"NEON.PLA.D19.BONA.01336",,,"small tree","Standing dead",5.7,10,,,,,,,"Partially shaded",,,,,,,,,,,,,,"Broken bole","kjorgenson@field-ops.org","whendricks@field-ops.org","legacyData | noMapTagData"
"ecebfe23-4330-450a-9567-9f1f97a79f0a","BONA_086.basePlot.vst","2016-07-01","vst_BONA_2016","D19","BONA","BONA_086",,"NEON.PLA.D19.BONA.01328",,,"single bole tree","Standing dead",10.2,130,,,,,,,"Full sun",,,,,,,,,,,,,,,"kjorgenson@field-ops.org","whendricks@field-ops.org","legacyData | noMapTagData"
"c27b20e0-2528-440c-ae84-a7c770d29fca","BONA_086.basePlot.vst","2016-07-01","vst_BONA_2016","D19","BONA","BONA_086",,"NEON.PLA.D19.BONA.01338",,,"small shrub","Live",1.1,10,1.6,,,,1.8,1.1,"Partially shaded","oblate half-sphere",,,,,,,,,,,,,,"kjorgenson@field-ops.org","whendricks@field-ops.org","legacyData | noMapTagData"
"ecac8015-a64c-4e83-9bdd-9926b1a275b1","BONA_086.basePlot.vst","2016-07-01","vst_BONA_2016","D19","BONA","BONA_086",,"NEON.PLA.D19.BONA.01326",,,"single bole tree","Live",13.1,130,,,,,,,"Full sun",,,,,,,,,,,,,,,"kjorgenson@field-ops.org","whendricks@field-ops.org","legacyData | noMapTagData"
"add17fe6-adfd-4fbd-abf7-8acd644b57e1","BONA_086.basePlot.vst","2016-07-01","vst_BONA_2016","D19","BONA","BONA_086",,"NEON.PLA.D19.BONA.01337",,,"small shrub","Live",1.1,10,0.8,,,,0.3,0.3,"Mostly shaded","cylinder",,,,,,,,,,,,,,"kjorgenson@field-ops.org","whendricks@field-ops.org","legacyData | noMapTagData"
"995e4893-6078-4790-8193-51c91142d0c4","BONA_086.basePlot.vst","2016-07-01","vst_BONA_2016","D19","BONA","BONA_086",,"NEON.PLA.D19.BONA.01347",,,"sapling","Live",1.4,10,,,,,,,"Mostly shaded",,,,,,,,,,,,,,,"kjorgenson@field-ops.org","whendricks@field-ops.org","legacyData | noMapTagData"
"4000d3a7-6d8b-4eef-ba44-b70f6b1e9877","BONA_086.basePlot.vst","2016-07-01","vst_BONA_2016","D19","BONA","BONA_086",,"NEON.PLA.D19.BONA.01298",,,"small shrub","Live",1.9,10,1.1,,,,0.4,0.3,"Partially shaded","cylinder",,,,,,,,,,,,,,"rpernick@field-ops.org","mgrandfield@field-ops.org","legacyData | noMapTagData"
"d4f57ee2-4413-46ad-80a9-fe61ddfc07a3","BONA_086.basePlot.vst","2016-07-01","vst_BONA_2016","D19","BONA","BONA_086",,"NEON.PLA.D19.BONA.01334",,,"sapling","Live",1.0,10,,,,,,,"Mostly shaded",,,,,,,,,,,,,,"QC0","kjorgenson@field-ops.org","whendricks@field-ops.org","legacyData | noMapTagData"
"231ca38c-4dbf-487a-b66b-027558a86f3d","BONA_086.basePlot.vst","2016-07-01","vst_BONA_2016","D19","BONA","BONA_086",,"NEON.PLA.D19.BONA.01289",,,"single shrub","Live",1.1,10,1.4,,,,0.7,0.7,"Full sun","cylinder",,,,,,,,,,,,,"QC0","rpernick@field-ops.org","mgrandfield@field-ops.org","legacyData | noMapTagData"
"673ca866-8ae5-47c7-a9c7-309f511cb954","BONA_086.basePlot.vst","2016-07-01","vst_BONA_2016","D19","BONA","BONA_086",,"NEON.PLA.D19.BONA.01325",,,"single bole tree","Live",11.9,130,,,,,,,"Full sun",,,,,,,,,,,,,,,"kjorgenson@field-ops.org","whendricks@field-ops.org","legacyData | noMapTagData"
"7b74dc0f-851b-4cfe-b0b5-b5c51d4fe606","BONA_086.basePlot.vst","2016-07-01","vst_BONA_2016","D19","BONA","BONA_086",,"NEON.PLA.D19.BONA.01342",,,"sapling","Live",1.4,10,,,,,,,"Mostly shaded",,,,,,,,,,,,,,,"kjorgenson@field-ops.org","whendricks@field-ops.org","legacyData | noMapTagData"
"9d8711fe-3a7e-446e-8a2d-62dc0c5549aa","BONA_086.basePlot.vst","2016-07-01","vst_BONA_2016","D19","BONA","BONA_086",,"NEON.PLA.D19.BONA.01332",,,"single bole tree","Live",12.0,130,,,,,,,"Full sun",,,,,,,,,,,,,,,"kjorgenson@field-ops.org","whendricks@field-ops.org","legacyData | noMapTagData"
"039b6d92-bc45-452b-8f88-c6d4d999a2d7","BONA_086.basePlot.vst","2016-07-01","vst_BONA_2016","D19","BONA","BONA_086",,"NEON.PLA.D19.BONA.01331",,,"single bole tree","Standing dead",13.9,130,,,,,,,"Full sun",,,,,,,,,,,,,,,"kjorgenson@field-ops.org","whendricks@field-ops.org","legacyData | noMapTagData"
"d2b0670c-56d6-40af-8d82-7cfcc802f89b","BONA_086.basePlot.vst","2016-07-01","vst_BONA_2016","D19","BONA","BONA_086",,"NEON.PLA.D19.BONA.01284",,,"small shrub","Live",2.6,10,1.1,,,,0.5,0.4,"Partially shaded","cylinder",,,,,,,,,,,,,,"rpernick@field-ops.org","mgrandfield@field-ops.org","legacyData | noMapTagData"
"b712922b-dcd4-4104-8ae8-06ecb6eb2d0e","BONA_086.basePlot.vst","2016-07-01","vst_BONA_2016","D19","BONA","BONA_086",,"NEON.PLA.D19.BONA.01101",,,"sapling","Live",1.9,10,,,,,,,"Partially shaded",,,,,,,,,,,,,,,"rpernick@field-ops.org","mgrandfield@field-ops.org","legacyData | noMapTagData"
"f84e561a-7ba7-4d6d-9cad-a71208d3961d","BONA_086.basePlot.vst","2016-07-01","vst_BONA_2016","D19","BONA","BONA_086",,"NEON.PLA.D19.BONA.01200",,,"small shrub","Live",1.4,10,1.4,,,,0.5,0.3,"Partially shaded","cylinder",,,,,,,,,,,,,"QC0","rpernick@field-ops.org","mgrandfield@field-ops.org","legacyData | noMapTagData"
