"","plotID","sbpltID","sensor","LVIS_coverage","ZG","RH10","RH15","RH20","RH25","RH30","RH35","RH40","RH45","RH50","RH55","RH60","RH65","RH70","RH75","RH80","RH85","RH90","RH95","RH96","RH97","RH_98_plot_max","RH98","RH99","RH100"
"1","BONA_002","40","facility_2019",0.739,494.235077131258,1.15191339648173,2.59130446549391,4.30459269282815,6.27289851150203,7.61818944519621,8.37449797023004,8.96889580514208,9.41609472259811,9.86329364005413,10.1809932341001,10.6104925575101,10.9281921515562,11.3490581867388,11.6518592692828,12.1214668470907,12.5175967523681,13.0504276048714,13.8675317997294,14.1675317997294,14.3529309878214,16.19,14.6529309878214,14.9706305818674,15.5105115020298
"2","BONA_002","41","facility_2019",0.7048,494.341726730988,0.238054767309875,1.02880675368899,2.05641742338252,3.17274404086266,4.07814982973893,5.24545970488082,6.47636208853575,7.42122587968218,8.16613933030647,8.65885357548241,9.26674943246311,9.75946367763905,10.294608399546,10.7142167990919,11.1003050510783,11.5930192962543,12.0778376844495,12.7997233257662,12.9801149262202,13.2206299659478,16.19,13.5206299659478,13.8380391600454,14.6143402383655
"3","BONA_002","31","facility_2019",0.621,492.704051529791,1.11347504025765,2.68299516908213,5.0607729468599,6.73813526570048,7.83533333333333,8.5656038647343,9.07797101449276,9.51599033816425,9.88449275362319,10.2588405797101,10.5529951690821,10.8636714975845,11.1695169082126,11.4178260869565,11.8120289855072,12.3051658615137,12.9496876006441,13.8838904991948,14.1143735909823,14.4884315619968,16.19,14.7247600644122,15.1107987117552,15.7952624798712
"4","BONA_002","32","facility_2019",0.6758,492.773927197396,-0.14439479135839,0.535732465226398,1.65223142941699,2.76476176383545,3.49039064812075,3.99166321396863,4.41374075170169,4.76252737496301,5.14500739863865,5.5306392423794,5.8336578869488,6.2760668836934,6.69131103876887,7.18157443030483,7.74512873631252,9.4121633619414,10.4740751701687,11.767697543652,12.0340041432376,12.3935335898195,16.19,12.7503107428233,13.2509174311927,13.9236578869488
"5","BONA_002","merged","facility_2019",0.68515,493.555282419908,0.588532073268627,1.7033733489017,3.2437331241334,4.71598555060936,5.73913376632854,6.53235058016493,7.22935853462745,7.77819455593666,8.26816573013209,8.66046121287309,9.07398197475005,9.46585054367657,9.88865649857695,10.2553754652266,10.7095843975772,11.4659242501642,12.1421812741735,13.0788356564256,13.3240155440414,13.6092760709334,16.19,13.9088491571189,14.2870619572356,14.9532660731227
"6","BONA_004","40","facility_2019",0.733,680.497366984993,-0.969085948158254,-0.751350613915416,-0.520927694406549,-0.451350613915416,-0.369085948158254,-0.220927694406548,-0.151350613915416,-0.0709276944065484,0.0790723055934516,0.159495225102319,0.307653478854025,0.698922237380628,1.56552523874488,2.18537517053206,3.05175989085948,3.91717598908595,4.77807639836289,5.96547066848568,6.34045020463847,6.6387721691678,7.17,7.00567530695771,7.37709413369714,8.33809004092769
"7","BONA_004","41","facility_2019",0.644,681.737189440994,-1.01447204968944,-0.830931677018634,-0.675667701863354,-0.531490683229814,-0.417593167701863,-0.375667701863354,-0.231490683229814,-0.225667701863354,-0.075667701863354,-0.075667701863354,0.074332298136646,0.227593167701863,0.30445652173913,0.525807453416149,1.0145652173913,1.75277950310559,2.72630434782609,4.085,4.63468944099379,5.03950310559006,6.99,5.59534161490683,6.1555900621118,7.2811801242236
"8","BONA_004","31","facility_2019",0.71,680.581309859155,-0.990866197183099,-0.798929577464789,-0.648929577464789,-0.498929577464789,-0.390866197183099,-0.310584507042253,-0.198929577464789,-0.160584507042254,-0.0105845070422535,0.0277605633802817,0.138147887323944,0.562246478873239,0.941049295774648,1.29204929577465,1.72795070422535,2.28654225352113,2.80399295774648,4.05604929577465,4.48534507042254,4.82421830985915,6.87,5.20423943661972,5.72395774647887,6.88800704225352
"9","BONA_004","32","facility_2019",0.668,681.668450598802,-0.89622005988024,-0.729041916167665,-0.581107784431138,-0.431107784431138,-0.329273952095808,-0.179273952095808,-0.131107784431138,-0.0292739520958084,0.120726047904192,0.222559880239521,0.372559880239521,1.29945359281437,2.16229041916168,2.80086077844311,3.28744011976048,3.95615269461078,4.82970059880239,5.67885479041916,5.89419910179641,6.12335329341317,6.87,6.36854041916168,6.84952844311377,7.80398952095808
"10","BONA_004","merged","facility_2019",0.68875,681.0927676951,-0.967640653357532,-0.776805807622505,-0.604678765880218,-0.477437386569873,-0.376384754990926,-0.270105263157895,-0.177437386569873,-0.120105263157895,0.0298947368421053,0.0858656987295826,0.225166969147005,0.699132486388385,1.25450272232305,1.71645372050817,2.2915335753176,3.00044827586207,3.80223049001815,4.96431941923775,5.35543012704174,5.67232486388385,7.17,6.0572613430127,6.53760617059891,7.5878221415608
"11","BONA_006","40","facility_2019",0.1125,516.694044444444,-1.07697777777778,-0.840977777777778,-0.690977777777778,-0.540977777777778,-0.516311111111111,-0.366311111111111,-0.216311111111111,-0.193288888888889,-0.0432888888888889,-0.0186222222222222,0.125644444444444,0.236311111111111,0.300311111111111,0.474977777777778,0.696311111111111,1.06764444444444,2.12697777777778,2.88164444444444,3.11764444444444,3.35364444444444,4.72,3.61431111111111,3.97564444444444,4.80302222222222
"12","BONA_006","41","facility_2019",0.1525,519.343049180328,-1.12186885245902,-0.971377049180328,-0.73727868852459,-0.671377049180328,-0.521868852459016,-0.371868852459016,-0.221868852459016,-0.160819672131148,-0.0108196721311475,0.0545901639344262,0.20455737704918,0.35455737704918,0.419967213114754,0.635377049180328,0.85127868852459,1.13308196721311,1.41881967213115,2.12308196721311,2.60996721311475,3.01275409836066,4.72,3.39685245901639,3.80013114754098,4.58527868852459
"13","BONA_006","31","facility_2019",0.615,521.170691056911,-1.1809756097561,-0.925487804878049,-0.775487804878049,-0.625487804878049,-0.580975609756098,-0.430975609756098,-0.280975609756098,-0.133943089430894,-0.0894308943089431,0.0605691056910569,0.203536585365854,0.248048780487805,0.398048780487805,0.592560975609756,0.681585365853659,0.920609756097561,1.26512195121951,1.60963414634146,1.75963414634146,1.90963414634146,3.37,2.10414634146341,2.46512195121951,3.2669918699187
"14","BONA_006","32","facility_2019",0.7585,520.651529334212,-1.02404746209624,-0.874047462096242,-0.712874093605801,-0.574047462096243,-0.424047462096243,-0.274047462096243,-0.124047462096243,-0.034067237969677,0.115932762030323,0.254759393539881,0.362340145023072,0.512340145023072,0.65116677653263,0.939993408042189,1.35607778510218,2.08066578773896,2.84767303889255,3.58570863546473,3.82282135794331,4.04876071193144,6.86,4.35993408042189,4.62829268292683,5.40708635464733
"15","BONA_006","merged","facility_2019",0.409625,520.452886786695,-1.09568812938663,-0.90014342386329,-0.737143729020446,-0.60014342386329,-0.498388770216662,-0.348388770216662,-0.198388770216662,-0.0942844064693317,0.0161214525480623,0.144470552334452,0.271797375648459,0.379502593835825,0.510552334452243,0.749307293256027,1.01062862374123,1.48749771132133,2.07120231919439,2.65953005797986,2.88711626487641,3.10170277693012,6.86,3.37240768996033,3.69447055233445,4.48585291425084
"16","BONA_009","40","facility_2019",0.79,443.131949367089,-1.6586582278481,-1.21818987341772,-1.02394936708861,-0.729556962025317,-0.535316455696203,-0.341075949367089,-0.191075949367089,0.106088607594937,0.359189873417721,0.659189873417722,0.912291139240506,1.21229113924051,1.46805063291139,1.76805063291139,2.06805063291139,2.46427848101266,3.01737974683544,3.76177215189873,3.91443037974684,4.16753164556962,5.05,4.47001265822785,5.02045569620253,5.81367088607595
"17","BONA_009","41","facility_2019",0.75,439.4968,-1.25389333333333,-0.850293333333333,-0.596693333333333,-0.343306666666667,-0.0964,0.1572,0.4076,0.658106666666667,1.00890666666667,1.30890666666667,1.45890666666667,1.75890666666667,2.05570666666667,2.35570666666667,2.75610666666667,3.35061333333333,7.10712,8.40621333333333,8.70301333333333,8.95341333333333,12.04,9.39712,9.80072,10.5326933333333
"18","BONA_009","31","facility_2019",0.482,444.350539419087,-2.7244398340249,-2.2744398340249,-1.96821576763485,-1.67780082987552,-1.37157676348548,-1.07157676348548,-0.915352697095436,-0.615352697095436,-0.459128630705394,-0.165352697095436,-0.00912863070539419,0.284647302904564,0.44045643153527,0.734232365145228,1.03423236514523,1.32800829875519,1.77178423236515,2.4997510373444,2.6497510373444,2.7997510373444,3.14,3.0997510373444,3.54352697095436,4.36352697095436
"19","BONA_009","32","facility_2019",0.306,440.571111111111,-1.54202614379085,-1.09202614379085,-0.833202614379085,-0.53562091503268,-0.281633986928105,-0.0228104575163399,0.240915032679739,0.540915032679739,0.874444444444444,1.17444444444444,1.36562091503268,1.66562091503268,1.92934640522876,2.18816993464052,2.56071895424837,3.07352941176471,5.91281045751634,7.00849673202614,7.23104575163399,7.45359477124183,12.04,7.78496732026144,8.23222222222222,8.97143790849673
"20","BONA_009","merged","facility_2019",0.582,441.876529209622,-1.7335910652921,-1.30177405498282,-1.056735395189,-0.775957903780069,-0.533711340206186,-0.289961340206186,-0.0913788659793815,0.191713917525773,0.46680412371134,0.765515463917526,0.957203608247423,1.25591494845361,1.50524914089347,1.79854810996564,2.1404295532646,2.59464776632302,4.45764175257732,5.42351374570447,5.63124570446735,5.85811426116839,12.04,6.20937714776632,6.67686426116839,7.44879725085911
"21","BONA_010","40","facility_2019",0.4106,263.480716025329,-1.08766195811008,-0.790584510472479,-0.787661958110083,-0.640584510472479,-0.490584510472479,-0.487661958110083,-0.340584510472479,-0.337661958110083,-0.190584510472479,-0.190584510472479,-0.0405845104724793,-0.0405845104724793,0.109220652703361,0.109220652703361,0.259220652703361,0.406298100340964,0.556298100340964,0.706298100340964,0.853375547978568,1.00337554797857,1.31,1.29753044325378,1.74168533852898,2.86265952264978
"22","BONA_010","41","facility_2019",0.42,265.165942857143,-1.06662857142857,-0.766628571428571,-0.766628571428571,-0.616628571428571,-0.466628571428571,-0.466628571428571,-0.316628571428571,-0.316628571428571,-0.166628571428571,-0.166628571428571,-0.104271428571429,-0.0166285714285714,0.0457285714285714,0.133371428571429,0.195728571428571,0.283371428571429,0.433371428571429,0.583371428571429,0.583371428571429,0.645728571428571,0.75,0.733371428571429,0.945728571428571,2.0191
"23","BONA_010","31","facility_2019",0.7294,264.015664930079,-0.969860159034823,-0.819860159034823,-0.669860159034823,-0.669860159034823,-0.519860159034823,-0.369860159034823,-0.369860159034823,-0.220559363860707,-0.219860159034823,-0.219860159034823,-0.0698601590348231,-0.0698601590348231,0.0701864546202358,0.0701864546202358,0.220186454620236,0.220186454620236,0.370186454620236,0.520186454620236,0.520186454620236,0.670186454620236,0.71,0.670186454620236,0.820186454620236,1.99
"24","BONA_010","32","facility_2019",0.159,265.613849056604,-1.08909433962264,-0.792490566037736,-0.789094339622642,-0.639094339622642,-0.489094339622642,-0.489094339622642,-0.339094339622642,-0.339094339622642,-0.189094339622641,-0.189094339622641,-0.0390943396226415,-0.0390943396226415,0.110905660377358,0.110905660377358,0.260905660377359,0.260905660377359,0.410905660377358,0.560905660377359,0.564301886792453,0.710905660377358,0.9,0.714301886792453,1.01090566037736,2.06
"25","BONA_010","merged","facility_2019",0.42975,264.316757417103,-1.03267015706806,-0.797329842931937,-0.732670157068063,-0.647015706806283,-0.497015706806283,-0.432670157068063,-0.347015706806283,-0.282966841186736,-0.197015706806283,-0.197015706806283,-0.0684293193717277,-0.0470157068062827,0.0773007562536358,0.0987143688190809,0.227300756253636,0.283845258871437,0.433845258871437,0.583845258871437,0.619290285049447,0.747562536358348,1.31,0.839552065154159,1.0886096567772,2.21202792321117
"26","BONA_011","40","facility_2019",0.7128,638.95708613917,-1.05891975308642,-0.852319023569024,-0.708521324354658,-0.591707351290685,-0.465486812570146,-0.316707351290685,-0.199893378226712,-0.166707351290685,-0.0167073512906846,0.0751066217732884,0.13108024691358,0.247894219977553,0.464708193041526,0.815994668911336,1.25422418630752,1.83174943883277,2.62282547699214,4.14489057239057,4.44931537598204,4.850322671156,6.56,5.3101430976431,5.93110269360269,7.10514730639731
"27","BONA_011","41","facility_2019",0.8122,640.264988918986,-1.04460970204383,-0.754067963555774,-0.604107362718542,-0.454107362718542,-0.445981285397685,-0.304107362718542,-0.154107362718542,-0.146572272839202,-0.00410736271854223,0.0347278995321349,0.184727899532135,0.295390297956168,0.366530411228761,0.727424279734056,1.32791676926865,2.32528195025856,3.69304358532381,5.61695641467619,5.78316917015513,6.08282196503324,6.56,6.49495198227038,6.92419108593942,7.99933513912829
"28","BONA_011","31","facility_2019",0.8542,640.246302973542,-1.13329899321002,-0.867892765160384,-0.719955513931164,-0.569955513931164,-0.535361741980801,-0.385605244673379,-0.354664013111683,-0.235605244673379,-0.204664013111683,-0.0546640131116835,-0.0546640131116835,0.0953359868883166,0.160870990400375,0.367038164364317,0.609861859049403,0.740931866073519,1.13471318192461,1.67686958557715,1.97821587450246,2.3936221025521,5.22,3.03579957855303,3.72026457504097,4.80391711542964
"29","BONA_011","32","facility_2019",0.5898,641.3097456765,-1.05063411325873,-0.759616819260766,-0.609616819260766,-0.459616819260766,-0.453716514072567,-0.309616819260766,-0.168975924042048,-0.159616819260766,-0.0189759240420482,0.130630722278739,0.265371312309257,0.280630722278739,0.556012207527976,1.1012512716175,2.20033570701933,3.42761953204476,4.42672431332655,5.47673787724653,5.65340454391319,5.95968124788064,6.56,6.29303492709393,6.63291285181417,7.67540861308918
"30","BONA_011","merged","facility_2019",0.74225,640.153154260694,-1.07475850454699,-0.811506567867969,-0.663599865274503,-0.521567194341529,-0.477916133378242,-0.331674301111485,-0.225754799595824,-0.179613001010441,-0.0677874705287976,0.0377547995958235,0.118993600538902,0.223498484338161,0.368572583361401,0.719264735601213,1.27694408891883,1.96994914112496,2.84580464802964,4.10209902324015,4.34244930953183,4.70105422701246,6.56,5.17517076456719,5.70611653755473,6.80096699225328
"31","BONA_013","40","facility_2019",0.548,552.672689781022,-0.583627737226277,-0.215443430656934,0.275478102189781,1.58006569343066,2.7528302919708,3.4428503649635,3.99741058394161,4.35196350364964,4.63833211678832,4.93833211678832,5.30651642335766,5.60651642335766,6.05651642335766,6.43833211678832,7.06559489051095,8.90100729927007,10.3191642335766,11.323697080292,11.5500583941606,11.7818740875912,13.77,12.0955054744526,12.4773211678832,13.3455018248175
"32","BONA_013","41","facility_2019",0.266,550.505007518797,-0.490372180451128,-0.112665413533835,0.642748120300752,2.72066541353383,4.54231954887218,5.60314661654135,6.42867669172932,6.88409022556391,7.2617969924812,7.52565037593985,7.90335714285714,8.16721052631579,8.54491729323308,8.84491729323308,10.2269060150376,11.542015037594,12.2143082706767,13.0958909774436,13.3181842105263,13.540477443609,13.89,13.7989172932331,14.1688007518797,15.0156691729323
"33","BONA_013","31","facility_2019",0,NA,NA,NA,NA,NA,NA,NA,NA,NA,NA,NA,NA,NA,NA,NA,NA,NA,NA,NA,NA,NA,-Inf,NA,NA,NA
"34","BONA_013","32","facility_2019",0,NA,NA,NA,NA,NA,NA,NA,NA,NA,NA,NA,NA,NA,NA,NA,NA,NA,NA,NA,NA,NA,-Inf,NA,NA,NA
"35","BONA_013","merged","facility_2019",0.2035,551.964331695332,-0.553153562653563,-0.181857493857494,0.395495085995086,1.95279238329238,3.33760196560197,4.14879484029484,4.79190294840295,5.17941523341523,5.49563144963145,5.78381941031941,6.15511547911548,6.44330343980344,6.86967936117936,7.22475921375921,8.09865233415233,9.76403931203931,10.9384619164619,11.902816953317,12.1278488943489,12.3565528255528,13.89,12.6521486486486,13.0300651105651,13.8912813267813
"36","BONA_018","40","facility_2019",0.8386,653.054619604102,-1.29428809921297,-0.994602909611257,-0.813372287145242,-0.665454328642976,-0.515454328642976,-0.334223706176962,-0.298270927736704,-0.148270927736704,-0.117040305270689,0.0329596947293108,0.182959694729311,0.24542093966134,0.39542093966134,0.54542093966134,0.581373718101598,0.765244455044121,1.02609587407584,1.49498449797281,1.62792034342953,1.906134032912,4.18,2.18875506797043,2.48113522537563,3.55336036250894
"37","BONA_018","41","facility_2019",0.5688,654.551786216596,-1.07898030942335,-0.778980309423347,-0.628980309423347,-0.345699718706048,-0.195699718706048,-0.178980309423347,-0.0456997187060478,0.237580872011252,0.370861462728551,0.654142053445851,1.19509845288326,2.66118495077356,3.73526371308017,4.15182489451477,4.55166666666667,4.96822784810127,5.25822784810127,5.70822784810127,5.85822784810127,5.89166666666667,6.57,6.05838607594937,6.35838607594937,7.33618846694796
"38","BONA_018","31","facility_2019",0.088,652.958522727273,-1.32179545454545,-1.02572727272727,-0.875727272727273,-0.725727272727273,-0.575727272727273,-0.425727272727273,-0.36675,-0.21675,-0.21675,-0.06675,0.08325,0.08325,0.23325,0.38325,0.442227272727273,0.651204545454545,0.941204545454545,1.62711363636364,1.95404545454545,2.372,4.18,2.845,3.43988636363636,4.57031818181818
"39","BONA_018","32","facility_2019",6e-04,653.45,-1.31,-1.01,-0.86,-0.71,-0.56,-0.41,-0.41,-0.26,-0.26,-0.11,0.04,0.04,0.19,0.34,0.34,0.49,0.78,1.23,1.38,1.68,1.98,1.98,2.28,3.32
"40","BONA_018","merged","facility_2019",0.374,653.618368983957,-1.21404946524064,-0.914457219251337,-0.746950534759358,-0.547442513368984,-0.397442513368984,-0.280610962566845,-0.206312834224599,-0.00563770053475937,0.0625441176470588,0.263219251336898,0.561866310160428,1.15430614973262,1.65565374331551,1.90700401069519,2.08265240641711,2.35645855614973,2.63011898395722,3.10458422459893,3.25542647058824,3.44880213903743,6.57,3.6985614973262,4.01163636363636,5.05137165775401
"41","BONA_020","40","facility_2019",0.447,621.767241610738,-1.09022147651007,-0.939919463087248,-0.789919463087248,-0.639919463087248,-0.489919463087248,-0.340221476510067,-0.339919463087248,-0.190221476510067,-0.189919463087248,-0.0402214765100671,0.109778523489933,0.110080536912752,0.259778523489933,0.409778523489933,0.559778523489933,0.709778523489933,1.9091744966443,4.00887248322148,4.45887248322148,4.75887248322148,5.36,5.35857046979866,5.80885234899329,7.00855033557047
"42","BONA_020","41","facility_2019",0.747,623.248428380187,-1.15391834002677,-1.00391834002677,-0.71695046854083,-0.703918340026774,-0.553918340026774,-0.403918340026774,-0.26695046854083,-0.253918340026774,-0.11695046854083,-0.103918340026774,0.0460816599732262,0.0551378848728246,0.196081659973226,0.346081659973226,0.496081659973226,0.646081659973226,1.92871218206158,4.07564658634538,4.42429986613119,4.90654886211513,5.73,5.44203078982597,5.94636813922356,7.1620655957162
"43","BONA_020","31","facility_2019",0.69,622.476633333333,-1.07900289855072,-0.91898115942029,-0.742915942028986,-0.592915942028985,-0.46898115942029,-0.329002898550725,-0.222676811594203,-0.179002898550725,-0.0726768115942029,0.0673014492753623,0.191236231884058,0.29756231884058,0.437540579710145,0.868497101449275,1.5054884057971,2.17322753623188,3.2489231884058,4.83927101449275,5.19296666666667,5.49296666666667,7.23,5.96057536231884,6.47205942028986,7.64852028985507
"44","BONA_020","32","facility_2019",0.679,624.143815905744,-1.08267746686303,-0.928899852724595,-0.711543446244477,-0.628899852724595,-0.478899852724595,-0.332677466863034,-0.185571428571429,-0.182677466863034,-0.0355714285714286,0.0432945508100147,0.193294550810015,0.34040058910162,0.419266568483063,0.873154639175258,1.55367157584683,2.23925331369661,3.10247128129602,4.21131369661266,4.7829204712813,5.49461413843888,7.23,6.48635935198822,7.34427540500736,8.63875257731959
"45","BONA_020","merged","facility_2019",0.64075,623.019532188841,-1.1037674600078,-0.950015996878658,-0.735234490831057,-0.642998829496684,-0.500015996878658,-0.353767460007803,-0.246198205228248,-0.203767460007803,-0.0961982052282481,-0.0077140070230199,0.135268825595006,0.205557549746391,0.331322278579789,0.637467420991026,1.05911978150605,1.49039172844323,2.59168318376902,4.30552204447913,4.73227389777604,5.19445883730004,7.23,5.84374287943816,6.43424814670308,7.65746273897776
"46","BONA_024","40","facility_2019",0.4853,541.930764475582,-0.926729857819905,-0.626729857819905,-0.335384298372141,-0.176729857819905,-0.0180754172676695,0.281924582732331,0.590579023284566,0.749233463836802,1.0492334638368,1.20788790438904,1.50788790438904,1.65788790438904,1.81596538223779,1.97461982279003,2.26596538223779,2.42461982279003,2.72461982279003,3.17461982279003,3.31596538223779,3.46596538223779,4.53,3.75731094168556,4.05731094168555,4.87558005357511
"47","BONA_024","41","facility_2019",0.797,540.729385194479,-0.724845671267252,-0.424845671267252,-0.257624843161857,0.0413437892095358,0.33959347553325,0.63959347553325,1.07062233375157,1.37062233375157,1.65340150564617,1.95340150564617,2.23618067754078,2.38618067754078,2.66010790464241,2.95835759096612,3.10835759096612,3.40660727728984,3.70660727728984,4.13926976160602,4.15649058971142,4.30649058971142,4.53,4.45649058971142,4.75649058971142,5.55464366373902
"48","BONA_024","31","facility_2019",0.7647,541.291652935792,-0.68212501634628,-0.38212501634628,0.0156388126062508,0.2677769059762,0.622053092716098,0.917678828298679,1.20893029946384,1.46077677520596,1.6542644174186,1.91077677520596,2.10863868183601,2.26738721067085,2.51709036223356,2.67146462665097,2.97146462665097,3.22797698443834,3.43021315548581,3.88021315548581,4.03021315548581,4.18021315548581,4.68,4.37370079769844,4.57156270432849,5.47560612004708
"49","BONA_024","32","facility_2019",0.7133,540.600717790551,-1.12695219402776,-0.788595261460816,-0.432843123510444,-0.121099116781158,0.197890088321884,0.478711622038413,0.779027057339128,1.05984859105566,1.21016402635637,1.51016402635637,1.66047946165709,1.79130099537362,1.95931865975046,2.22115098836394,2.39014019346698,2.67096172718351,2.95197252208047,3.25209869620076,3.40178326090004,3.53260479461657,4.68,3.68260479461657,3.94443712323006,4.83871022010374
"50","BONA_024","merged","facility_2019",0.690075,541.063123211245,-0.852414592616745,-0.542502626526102,-0.240871282107017,0.0237557511864652,0.318343296018549,0.612175488171576,0.94918776944535,1.20604101003514,1.43288048400536,1.69598232076224,1.92403361953411,2.07150128609209,2.29098105278412,2.51541861391878,2.73673151469043,2.99437198855197,3.26238090062674,3.66864543709017,3.77870412636308,3.92374814331776,4.68,4.11064630656088,4.37248741078868,5.22835126616672
"51","BONA_025","40","facility_2019",0.817,381.852919216646,-3.15511627906977,-2.55630966952264,-2.13825581395349,-1.80750305997552,-1.50750305997552,-1.20630966952264,-1.05511627906977,-0.756309669522644,-0.605116279069768,-0.424363525091799,-0.274363525091799,-0.124363525091799,0.0268298653610771,0.207582619339045,0.358776009791922,0.508776009791922,0.809969400244798,1.11116279069767,1.2599694002448,1.4099694002448,4.2,1.56116279069767,1.74310893512852,2.88670746634027
"52","BONA_025","41","facility_2019",0.704,384.034978693182,-2.83757102272727,-2.27943892045455,-1.97943892045455,-1.58089488636364,-1.28089488636364,-0.990482954545455,-0.830894886363637,-0.540482954545454,-0.390482954545455,-0.0904829545454546,0.0595170454545455,0.209517045454545,0.359517045454545,0.627237215909091,0.809517045454546,0.969105113636364,1.26910511363636,1.61097301136364,1.71910511363636,1.86910511363636,3.75,2.05138494318182,2.35138494318182,3.42556818181818
"53","BONA_025","31","facility_2019",0.6075,380.506296296296,-1.63654320987654,-1.17049382716049,-0.854444444444444,-0.688395061728395,-0.388395061728395,-0.222345679012346,-0.0723456790123457,0.0937037037037037,0.243703703703704,0.527654320987654,0.677654320987654,0.961604938271605,1.1116049382716,1.39555555555556,1.67950617283951,1.96345679012346,2.26345679012346,2.83135802469136,2.98135802469136,3.26530864197531,3.63,3.40637860082304,3.82427983539095,4.99320987654321
"54","BONA_025","32","facility_2019",0.793,383.644287515763,-2.27350567465322,-1.82350567465322,-1.52189785624212,-1.37029003783102,-1.07029003783102,-0.920290037831021,-0.64156998738966,-0.49156998738966,-0.339962168978562,-0.0415699873896595,0.10843001261034,0.279709962168979,0.431317780580076,0.729709962168979,0.900989911727617,1.20098991172762,1.50098991172762,1.97066204287516,1.99354981084489,2.16322194199243,3.63,2.31180327868852,2.63308322824716,3.73400378310214
"55","BONA_025","merged","facility_2019",0.730375,382.584958069485,-2.52352216327229,-2.00251411945918,-1.66572651035427,-1.40151292144446,-1.10151292144446,-0.872058873866165,-0.684475440698271,-0.455688858463118,-0.304918706144104,-0.0420400479205887,0.107959952079411,0.291589936676365,0.442360088995379,0.697460208796851,0.889202464487421,1.11008214958069,1.41041588225227,1.82260140338867,1.92767585144617,2.11086941639569,4.2,2.26673968851617,2.56401848365566,3.68457299332535
"56","BONA_029","40","facility_2019",0.625,224.790688,-1.18512,-0.9,-0.75,-0.6,-0.45,-0.45,-0.3,-0.1668,-0.15,-0.0168,0,0.1332,0.15,0.29808,0.44808,0.73128,1.32552,2.96208,3.5196,3.983488,4.49,4.448368,5.200288,6.328112
"57","BONA_029","41","facility_2019",0.611,225.126153846154,-1.13214402618658,-0.840859247135843,-0.690859247135843,-0.540859247135843,-0.471505728314239,-0.390859247135843,-0.240859247135843,-0.239631751227496,-0.0908592471358429,-0.0896317512274959,0.0591407528641571,0.1410147299509,0.209140752864157,0.38037643207856,0.53037643207856,0.842896890343699,1.26466448445172,2.09555646481178,2.31728314238953,2.69477086743044,4.49,3.07283960720131,3.72095744680851,4.89870703764321
"58","BONA_029","31","facility_2019",0.404,224.459405940594,-1.04960396039604,-0.89960396039604,-0.74960396039604,-0.59960396039604,-0.44960396039604,-0.44960396039604,-0.29960396039604,-0.29960396039604,-0.14960396039604,-0.14960396039604,0.000396039603960396,0.000396039603960396,0.15039603960396,0.30039603960396,0.45039603960396,0.60039603960396,1.19891089108911,2.83841584158416,3.13693069306931,3.72405940594059,4.34,4.32257425742574,5.07108910891089,6.16069306930693
"59","BONA_029","32","facility_2019",0.738,224.724092140921,-1.060027100271,-0.82730352303523,-0.67730352303523,-0.553421409214092,-0.460027100271003,-0.37730352303523,-0.253421409214092,-0.22730352303523,-0.0773035230352304,-0.0773035230352304,0.0726964769647696,0.155420054200542,0.248814363143631,0.455420054200542,0.657655826558266,0.97310298102981,1.55409891598916,2.65618563685637,2.87883468834688,3.27216124661247,4.34,3.68771002710027,4.25325880758808,5.33035907859079
"60","BONA_029","merged","facility_2019",0.5945,224.799932716569,-1.10966358284273,-0.862176198486123,-0.712176198486123,-0.570281749369218,-0.458570227081581,-0.412176198486123,-0.270281749369218,-0.226852396972246,-0.112176198486123,-0.0768523969722456,0.0378238015138772,0.119541631623213,0.195929352396972,0.368448275862069,0.534659377628259,0.812771236333053,1.35931244743482,2.62349453322119,2.94680824222035,3.38753574432296,4.49,3.83750420521447,4.50433557611438,5.62275231286796
"61","BONA_030","40","facility_2019",0.688,268.172674418605,-1.01581395348837,-0.851860465116279,-0.702412790697674,-0.552412790697674,-0.424651162790698,-0.274651162790698,-0.274651162790698,-0.124651162790698,-0.124651162790698,0.0253488372093023,0.0253488372093023,0.174418604651163,0.30218023255814,0.452180232558139,0.602180232558139,1.13523255813953,2.0518023255814,3.12255813953488,3.43084302325581,3.73912790697674,5.49,4.03834302325581,4.50229651162791,5.65098837209302
"62","BONA_030","41","facility_2019",0.0210526315789474,267.73,-1.12,-0.82,-0.67,-0.52,-0.52,-0.37,-0.37,-0.22,-0.22,-0.07,-0.07,0.07,0.07,0.22,0.37,0.52,1.42,3.36,3.66,3.96,4.26,4.26,4.86,5.94
"63","BONA_030","31","facility_2019",0.77,267.643428571429,-1.06097402597403,-0.82,-0.67,-0.52,-0.460974025974026,-0.37,-0.310974025974026,-0.22,-0.160974025974026,-0.07,-0.0149090909090909,0.07,0.129025974025974,0.279025974025974,0.488051948051948,0.933181818181818,2.12437662337662,4.00928571428571,4.30928571428571,4.66831168831169,6.21,5.02733766233766,5.68242857142857,6.73488311688312
"64","BONA_030","32","facility_2019",0.3,267.693157894737,-1.11078947368421,-0.830526315789474,-0.680526315789474,-0.530526315789474,-0.510789473684211,-0.380526315789474,-0.36078947368421,-0.230526315789474,-0.21078947368421,-0.0805263157894737,-0.0607894736842105,0.0607894736842105,0.0805263157894737,0.230526315789474,0.36078947368421,0.530526315789474,1.39105263157895,3.35078947368421,3.67052631578947,3.99026315789474,4.79,4.32973684210526,4.98763157894737,6.08868421052632
"65","BONA_030","merged","facility_2019",0.483522727272727,267.864841363102,-1.04994712103408,-0.834289071680376,-0.684512338425382,-0.534512338425382,-0.453519388954172,-0.332867215041128,-0.303519388954172,-0.182867215041128,-0.153519388954172,-0.0328672150411281,-0.00529964747356052,0.110975323149236,0.191968272620447,0.341968272620447,0.516028202115159,0.957032902467685,1.9901821386604,3.55652761457109,3.8625205640423,4.19521739130435,6.21,4.52689189189189,5.10457696827262,6.2027027027027
"66","BONA_021","40","facility_2019",0.321,448.006137071651,-1.75725856697819,-1.44791277258567,-1.15725856697819,-1.00725856697819,-0.801651090342679,-0.651651090342679,-0.492305295950156,-0.342305295950156,-0.142367601246106,0.0076323987538941,0.166978193146417,0.316978193146417,0.561370716510903,0.766978193146417,0.926323987538941,1.17071651090343,1.47071651090343,1.91700934579439,2.00205607476635,2.15205607476636,3.26,2.31140186915888,2.60205607476636,3.70644859813084
"67","BONA_021","41","facility_2019",0.065,451.76,-1.16,-0.86,-0.56,-0.41,-0.11,0.04,0.19,0.49,0.64,0.94,1.09,1.38,1.53,1.83,1.98,2.28,2.58,2.88,3.03,3.18,3.33,3.33,3.63,4.64
"68","BONA_021","31","facility_2019",0.843,448.096986951364,-1.51265915381574,-1.05963424278371,-0.759634242783709,-0.551686437327007,-0.283068406484777,-0.127700672202452,0.120994464215105,0.371439304072756,0.629219058916568,0.791704230921313,0.993809806247529,1.1916745749308,1.36919335705813,1.53550415183867,1.75056939501779,1.96919335705813,2.22844602609727,2.66927441676552,2.79584618426255,2.9050988533017,3.67,3.09584618426255,3.35159351522341,4.43747528667457
"69","BONA_021","32","facility_2019",0.444,449.321981981982,-1.38369369369369,-0.825585585585585,-0.546531531531532,-0.267477477477477,0.00297297297297299,0.152972972972973,0.432027027027027,0.711081081081081,0.990135135135135,1.14013513513514,1.41918918918919,1.56918918918919,1.74013513513514,1.90968468468468,2.20968468468468,2.40157657657658,3.18193693693694,4.19608108108108,4.45081081081081,4.66364864864865,12.16,4.85554054054054,5.16648648648649,6.18207207207207
"70","BONA_021","merged","facility_2019",0.41825,448.546975493126,-1.51166268180913,-1.06426280135485,-0.771614863518629,-0.558165969316597,-0.299932257421797,-0.147227535365611,0.0885465232117952,0.329236899780833,0.577376967523411,0.73949591552102,0.95179418210799,1.1313518629209,1.31888822474597,1.49879258816497,1.72317991631799,1.94281530185296,2.34976688583383,2.93832536361825,3.09185196254234,3.23799661287109,12.16,3.42143952978681,3.70025303845388,4.76808228730823
"71","BONA_022","40","facility_2019",0.296,245.375472972973,-1.00102702702703,-0.851027027027027,-0.701027027027027,-0.642851351351351,-0.492851351351351,-0.401027027027027,-0.342851351351351,-0.251027027027027,-0.251027027027027,-0.192851351351351,-0.101027027027027,-0.0428513513513514,0.0428513513513514,0.101027027027027,0.192851351351351,0.251027027027027,0.342851351351351,0.492851351351351,0.551027027027027,0.642851351351351,0.67,0.642851351351351,0.792851351351351,1.99285135135135
"72","BONA_022","41","facility_2019",0,NA,NA,NA,NA,NA,NA,NA,NA,NA,NA,NA,NA,NA,NA,NA,NA,NA,NA,NA,NA,NA,-Inf,NA,NA,NA
"73","BONA_022","31","facility_2019",0.5436,245.619352465048,-1.0116114790287,-0.82,-0.67,-0.67,-0.52,-0.37,-0.37,-0.261611479028698,-0.22,-0.22,-0.07,-0.07,0.07,0.07,0.22,0.22,0.37,0.52,0.52,0.67,0.67,0.67,0.82,2.01167770419426
"74","BONA_022","32","facility_2019",0.0072,245.8,-1.12,-0.82,-0.67,-0.67,-0.52,-0.37,-0.37,-0.37,-0.22,-0.22,-0.07,-0.07,0.07,0.07,0.22,0.22,0.37,0.52,0.52,0.67,0.67,0.67,0.82,1.99
"75","BONA_022","merged","facility_2019",0.2117,245.535640056684,-1.00883325460557,-0.830845536136042,-0.680845536136042,-0.660510155880964,-0.510510155880964,-0.380845536136042,-0.360510155880964,-0.258833254605574,-0.230845536136042,-0.210510155880964,-0.0808455361360416,-0.0605101558809636,0.0605101558809636,0.0808455361360416,0.210510155880964,0.230845536136042,0.360510155880964,0.510510155880964,0.530845536136042,0.660510155880964,0.67,0.660510155880964,0.810510155880964,2.00491261218706
"76","BONA_023","40","facility_2019",0.598,362.763612040134,-1.35886287625418,-1.0652508361204,-0.791086956521739,-0.51943143812709,-0.36943143812709,-0.221153846153846,0.0246655518394649,0.172775919732441,0.472775919732442,0.674448160535117,1.02612040133779,1.34944816053512,1.66717391304348,2.11466555183946,2.4405016722408,2.8905016722408,3.46277591973244,4.2488127090301,4.52297658862876,4.6988127090301,5.75,4.97297658862876,5.36879598662207,6.07336120401338
"77","BONA_023","41","facility_2019",0.767,360.226010430248,-1.24392438070404,-0.943924380704042,-0.643924380704042,-0.500443285528031,-0.350443285528031,-0.200443285528031,0.0473402868318123,0.193859191655802,0.396075619295958,0.643859191655802,0.943859191655802,1.19164276401565,1.58942633637549,1.98069100391134,2.37847457627119,2.82847457627119,3.52277705345502,4.26625814863103,4.46847457627119,4.61847457627119,5.19,4.91847457627119,5.21847457627119,5.97891786179922
"78","BONA_023","31","facility_2019",0.637,362.75,-0.97,-0.67,-0.52,-0.22,-0.07,0.07,0.22,0.37,0.67,1.12,1.72,2.32,2.76,3.36,3.81,4.26,4.71,5.15,5.3,5.6,5.75,5.75,6.05,6.8
"79","BONA_023","32","facility_2019",0.583,360.237478559177,-1.26883361921098,-0.968833619210978,-0.741646655231561,-0.596792452830189,-0.446792452830189,-0.296792452830189,-0.0696054888507719,0.0803945111492281,0.157581475128645,0.384768439108062,0.611955403087479,0.839142367066895,1.14351629502573,1.43789022298456,1.81507718696398,2.26507718696398,3.08789022298456,4.04632933104631,4.34195540308748,4.56476843910806,5.19,4.93758147512865,5.31039451114923,6.05554030874786
"80","BONA_023","merged","facility_2019",0.64625,361.437597678917,-1.20863056092843,-0.9101083172147,-0.66947001934236,-0.457458413926499,-0.307458413926499,-0.160321083172147,0.0582669245647969,0.206796905222437,0.427531914893617,0.709833655705996,1.0792920696325,1.4267001934236,1.7952998065764,2.22915667311412,2.61851837524178,3.06851837524178,3.70337330754352,4.43039458413926,4.65745454545455,4.8668162475822,5.75,5.14029787234043,5.47888588007737,6.22037911025145
"81","BONA_012","40","facility_2019",0.6224,313.281870179949,-0.21357969151671,0.295957583547558,2.81925449871465,4.53037275064267,5.6322557840617,6.43479434447301,7.1878470437018,7.69073264781491,8.12003213367609,8.7622557840617,9.54574550128535,10.1046786632391,10.7049678663239,11.1998329048843,11.7125514138817,12.2842737789203,12.6783611825193,13.3271786632391,13.4825771208226,13.6325771208226,14.89,13.8906426735218,14.1911825192802,14.7174293059126
"82","BONA_012","41","facility_2019",0.6656,312.850435697115,-0.0955799278846154,0.600618990384615,2.79043269230769,4.42767728365385,5.67286057692308,7.403359375,8.80721153846154,9.77659254807692,10.4596965144231,10.9000510817308,11.3845763221154,11.7658864182692,12.1126712740385,12.3362740384615,12.6830588942308,13.0543629807692,13.4134074519231,14.0079897836538,14.1579897836538,14.3202493990385,14.89,14.5926141826923,14.8916436298077,15.39875
"83","BONA_012","31","facility_2019",0.6476,311.969311303274,-0.729252625077208,-0.430945027794935,-0.204786905497221,0.275231624459543,0.800197652872143,1.28021618282891,1.71228844966028,2.11728227300803,2.46805435453984,3.13874613959234,4.16682828906733,6.14688387893762,7.11044163063619,7.96827980234713,8.68260963557752,9.26536751080914,9.81459542927733,10.4081037677579,10.5581037677579,10.7081037677579,12.95,10.9624737492279,11.2607813465102,11.7946417541692
"84","BONA_012","32","facility_2019",0.612,311.594215686275,-0.18683660130719,0.218849673202614,0.893660130718954,2.97052287581699,4.72620261437908,6.77414379084967,7.94522222222222,8.96786928104575,9.55630065359477,9.85630065359477,10.3005163398693,10.5947320261438,10.8947320261438,11.1947320261438,11.4947320261438,11.7947320261438,12.1005163398693,12.5620849673203,12.7120849673203,12.8678692810458,14.7,13.0174836601307,13.3078692810458,13.8778692810458
"85","BONA_012","merged","facility_2019",0.6369,312.430080075365,-0.307410111477469,0.172253100957764,1.58043491913958,3.04716831527712,4.19689747213063,5.45907363793374,6.40098524101115,7.12572617365363,7.63960197833255,8.15410975035327,8.84016329094049,9.65034699324855,10.2046098288585,10.674059506987,11.1435743444811,11.6004647511383,12.0036206625844,12.5792267231905,12.730545611556,12.8851381692573,14.89,13.1199474014759,13.4170858847543,13.9507779871251
"86","BONA_079","39","facility_2019",0.63895,298.708651694186,-0.779268330855309,-0.455359574301589,-0.189522654354801,0.115000391266922,0.340886610845919,0.639078957664919,1.51280538383285,2.66906565458956,3.61398700993818,4.43842162923546,5.1999209640817,6.00569293371938,6.59688942796776,7.26190233977619,8.98197981062681,9.82615071601847,10.7340621331873,12.878041317787,13.1766679708897,13.4222623053447,17.22,13.699884184991,14.0418123483841,15.1420111119806
"87","BONA_079","41","facility_2019",0.6409,296.277747698549,0.0227071305975971,1.64825713839913,3.1428951474489,4.10885317522234,5.8124964893119,6.63079107505071,7.34891402714932,7.9482001872367,8.50139881416758,8.98385707598689,9.5046325479794,10.0863668278983,10.6258269620846,11.0591980028086,11.6731564986737,12.3108355437666,13.0413512248401,13.870468091746,14.0508706506475,14.2475159931347,15.47,14.5116266188173,14.8467100951787,15.9771165548448
"88","BONA_079","21","facility_2019",0.7253,296.414537662576,-0.414937037547681,0.0306486970908589,0.823928948940668,1.77346844983685,2.80869548232915,3.67186727331219,4.39397077071557,5.0276671722046,5.62039431959189,6.39896295785652,7.31433039202169,8.22401052438071,9.21748563812675,10.2408552782757,11.2210039523875,12.1845284709775,13.1476253504297,14.075992003309,14.3304280987178,14.5451323590239,17.29,14.7762532745071,15.0878519233421,15.907368445241
"89","BONA_079","23","facility_2019",0.91985,294.675001177728,0.528218731314888,1.91308854704571,3.29061096917976,4.4021762606222,5.2768170535051,6.28413074595496,7.20441847402656,7.87123462158685,8.54353173524669,9.24068616259897,9.86465293254335,10.4820749759925,11.0914714355601,11.635602725082,12.1953613813846,12.6726700005436,13.1865499809752,13.8452468699607,14.0153479734015,14.2261513652588,17.29,14.4104629377978,14.6395338008009,15.4741336449783
"90","BONA_084","39","facility_2019",0.7217,275.705522608655,-0.951559512262713,-0.741123042815574,-0.577003602604961,-0.439640432312595,-0.31289455452404,-0.204767909103506,-0.0680282665927671,0.0501614244145767,0.394729804627962,0.975899265622835,1.32180823056672,3.0289499330285,6.08567733591982,6.84509953350885,7.33018913676043,9.61851369451757,11.9084998383446,13.8278446723015,14.4481127892476,15.1281495081059,16.83,15.5517465705972,15.9348020876634,16.8662112604499
"91","BONA_084","41","facility_2019",0.5384,274.437639301634,-0.765286961367013,-0.566740341753343,-0.320078937592868,-0.132439635958395,0.0909630386329866,0.847844539375929,1.82216196136701,3.91252228826152,5.53284175334324,6.51802470282318,7.41812221396731,9.51159361069837,11.7040898959881,12.7128148216939,13.5102052377415,14.3708218796434,15.6112685735513,16.4705191307578,16.7242570579495,16.9001532317979,18.76,17.1445718796434,17.4829457652303,18.1656166419019
"92","BONA_084","21","facility_2019",0.8479,272.966070094744,-0.72865864685301,-0.469496796005818,-0.226688092149231,0.00790325116955613,0.25099500727287,0.516642489287259,1.41426406415851,2.08740948225027,3.35068738451861,5.3013665133467,6.6445349294335,7.42622498722334,8.17848940519715,9.12139737390416,10.0490038133428,11.9618042615088,13.3802555332783,14.5334286669025,14.7613338837127,15.0013710343201,16.79,15.2773705625663,15.652265007666,16.5901625584778
"93","BONA_084","23","facility_2019",0.5031,272.461550056318,-0.745964023057046,-0.41593023255814,0.0519141323792487,0.756644802226198,1.91453090836812,2.6846213476446,3.36423772609819,4.11102100311403,5.16153614258265,5.83891638507918,6.35591101835288,6.86014476909826,7.40712184456371,7.95304213873981,8.62192506459948,9.82551414563043,11.0937679719075,13.3463890545286,13.6568889551448,13.8979891340356,17.45,14.0867289471941,14.4775399191678,15.2682061220433
"94","BONA_081","39","facility_2019",0.70405,242.293475605426,-1.0618968823237,-0.816118883602017,-0.666118883602017,-0.542335061430296,-0.461896882323699,-0.366118883602017,-0.242335061430296,-0.216118883602017,-0.0923350614302962,-0.0316575527306299,0.0897862367729565,0.183816490306086,0.341422484198565,0.600977913500462,0.919928982316597,1.37512747674171,2.01707052055962,3.11532632625524,3.50954903771039,3.89778850933883,6.03,4.49047013706413,5.20741850720829,6.25992472125559
"95","BONA_081","41","facility_2019",0.60095,241.469910419613,-1.05391713120892,-0.824842332972793,-0.674842332972793,-0.604932190698061,-0.466025737027484,-0.410896358543417,-0.316025737027484,-0.293344981556979,-0.211245805252794,-0.143344981556979,-0.0764716975899271,-0.00310785700418781,0.0382156030729123,0.116787031644341,0.202056188812159,0.281251629364617,0.461387247968494,0.709836370191641,0.818930304795185,0.959503563801758,4.545,1.12407216351887,1.46777934936351,2.46409157722495
"96","BONA_081","21","facility_2019",0.725,241.343459885057,-1.07093885057471,-0.84300091954023,-0.69300091954023,-0.586111264367816,-0.511188850574713,-0.39300091954023,-0.326361264367816,-0.24300091954023,-0.176361264367816,-0.0930009195402299,-0.0448244827586207,0.0487940229885058,0.100802643678161,0.210861264367816,0.305878505747126,0.425195747126437,0.687938850574713,1.30356022988506,1.57512747126437,1.86155275862069,3.07,2.25877,2.80097505747126,3.80489908045977
"97","BONA_081","23","facility_2019",0.7743,240.926801627276,-1.05337788970683,-0.861666666666667,-0.711666666666667,-0.583518662017306,-0.49152912307891,-0.434758491540746,-0.320897584915407,-0.260785225364846,-0.19874531835206,-0.134758491540746,-0.0680789099832106,-0.0207077360196306,0.0562650135606354,0.125298333979078,0.206468423091825,0.34102867105773,0.466222394420767,0.743552886478109,0.849509879891515,1.13049270308666,3.93,1.67876856515562,2.21267402815446,3.27610874338112
"98","BONA_083","39","facility_2019",0.891025,235.846805878997,-1.07999929856065,-0.896683968837388,-0.737799537985279,-0.619550891763232,-0.500896112155476,-0.365177417393826,-0.330012859721482,-0.215177417393825,-0.180012859721482,-0.0763914686269559,-0.00846085500780936,0.0818240228949805,0.180807403458564,0.309476632717002,0.425317939077654,0.627902041656145,0.948378459265079,1.50714747996222,1.66272392282297,1.8813026664048,3.71,2.1906205867774,2.56241500893166,3.4727864912133
"99","BONA_083","41","facility_2019",0.807975,235.449400301164,-1.14308183008963,-0.85935476551461,-0.70935476551461,-0.606231215899832,-0.544502047299318,-0.396461678888579,-0.328325288529967,-0.24646167888858,-0.155707014449705,-0.085983425642295,-0.0292776179130955,0.0736989593324876,0.165802675412812,0.262250585311014,0.411928793176357,0.599237084480749,0.901564920531782,1.58238002413441,1.73051579566199,1.92956099095475,3.385,2.16366322184061,2.47636189238528,3.4370450818404
"100","BONA_083","21","facility_2019",0.86275,235.547681589877,-1.07103250265623,-0.849726359509321,-0.699726359509321,-0.575936153771854,-0.49572244759973,-0.406806191442094,-0.319364870085965,-0.256806191442094,-0.169364870085965,-0.105577658649667,-0.021027045300879,0.0442407031778229,0.152980198976142,0.229465275765479,0.353811841978171,0.505191152322998,0.77548285521105,1.32912904472134,1.48922756688882,1.65826528542451,3.81,1.91730614314691,2.29749570172897,3.16105341446924
"101","BONA_083","23","facility_2019",0.500525,235.208828979571,-1.09428624943809,-0.794514759502522,-0.644514759502522,-0.550331152290095,-0.49428624943809,-0.34428624943809,-0.269207582038859,-0.19428624943809,-0.119207582038859,-0.0102984366415264,0.0283647170471005,0.152891463962839,0.283786524149643,0.37797013136207,0.607918685380351,1.03493531791619,1.62142700164827,2.4835652564807,2.69522551321113,2.88219045002747,3.81,3.20766370311173,3.56392587782828,4.43963288547026
"102","BONA_070","39","facility_2019",0.711,248.210580168776,-1.00252344116268,-0.833008673230192,-0.680898968588842,-0.552523441162682,-0.45081809657759,-0.380898968588842,-0.30081809657759,-0.230898968588842,-0.15081809657759,-0.080898968588842,-0.00916901078293484,0.0674050632911393,0.139135021097046,0.266824894514768,0.477760196905766,1.03477496483826,1.53113572433193,2.55820909517112,2.83869432723863,3.22107477730895,5.65,3.5989580403188,4.09950890764182,5.14054617909048
"103","BONA_070","41","facility_2019",0.686,247.595533284742,-1.08429300291545,-0.826876822157434,-0.674690233236152,-0.572886297376093,-0.484293002915452,-0.374690233236152,-0.332106413994169,-0.224690233236152,-0.182252186588921,-0.072649416909621,0.0203656462585034,0.0754433916423712,0.182440476190476,0.252502429543246,0.395304907677357,0.702374878522838,1.47540694849368,3.14012998056365,3.68026603498542,4.15115160349854,7.56,4.67943148688047,5.22304786200194,6.06758867832847
"104","BONA_070","21","facility_2019",0.9255,246.676704484063,-1.07683234287772,-0.883274806410949,-0.716324509274266,-0.583274806410949,-0.54143255897713,-0.401548712407708,-0.306613542229426,-0.242202413110031,-0.197875022510355,-0.0711327210516838,-0.0493742121375833,0.0757761570322348,0.113809652440122,0.229625427696741,0.374925265622186,0.657421213758329,1.34519809112192,2.70839816315505,3.00970826580227,3.38030884206735,5.2,3.87892940752746,4.54941833243292,5.49577885827481
"105","BONA_070","23","facility_2019",0.5025,246.013517412935,-1.0217960199005,-0.869930348258706,-0.681870646766169,-0.569930348258706,-0.424781094527363,-0.381870646766169,-0.231870646766169,-0.204333333333333,-0.0873930348258706,-0.0169452736318408,0.100666666666667,0.229124378109453,0.28852736318408,0.493303482587065,0.909721393034826,1.36793034825871,2.152407960199,3.84907462686567,4.23161194029851,4.63727860696517,7.56,5.11298009950249,5.62103980099502,6.32866169154229
"106","BONA_073","39","facility_2019",0.83175,242.891809938884,-1.03536920148282,-0.849593728083358,-0.701435727882978,-0.587211201282437,-0.477840897705641,-0.373805730888689,-0.327840897705641,-0.223805730888689,-0.177840897705641,-0.0738057308886885,-0.000210900711351572,0.0918915940286544,0.145806031459774,0.228290251477808,0.377295862138062,0.579996493337341,0.893657449153392,1.46813645927262,1.6179335737902,1.85310790501954,3.67,2.1486699729486,2.5862764252079,3.3959027151588
"107","BONA_073","41","facility_2019",0.7145,242.558911826452,-1.07305808257523,-0.890412876137159,-0.742792162351295,-0.625437368789363,-0.569121763470959,-0.442792162351295,-0.389877536738978,-0.294881035689293,-0.239877536738978,-0.174534639608118,-0.0898775367389783,-0.0513960811756473,0.0563680895731281,0.0950489853044087,0.206368089573128,0.245048985304409,0.395048985304409,0.548040587823653,0.641724982505248,0.701032190342897,1.42,0.795328901329601,0.948121063680896,1.89473757872638
"108","BONA_073","21","facility_2019",0.83725,242.476398427391,-1.07678560764407,-0.847739623768289,-0.718342788892207,-0.626785607644073,-0.521888623469692,-0.399113168109884,-0.352121528814571,-0.249113168109884,-0.202121528814572,-0.0991131681098835,-0.073262167811287,0.0234283865830596,0.0733044689957201,0.17342390763412,0.264227132477356,0.368958395540957,0.583358216383,1.09236836866726,1.32514830297601,1.63778640390166,3.67,1.99677515676321,2.40268886234697,3.32786155071165
"109","BONA_073","23","facility_2019",0.7295,242.214194653873,-1.09983550376971,-0.915496915695682,-0.765496915695682,-0.649835503769705,-0.51268677176148,-0.438509252912954,-0.363039753255655,-0.293899931459904,-0.213039753255655,-0.143899931459904,-0.0630397532556546,-0.00401987662782728,0.0846538725154215,0.145980123372173,0.261641535298149,0.361007539410555,0.509225496915696,0.801771761480466,0.933163125428376,1.03854352296093,2.61,1.2711000685401,1.48397532556546,2.24620287868403
"110","BONA_074","39","facility_2019",0.7586,235.061936022498,-1.07573194041656,-0.844346823095175,-0.722935670972845,-0.572935670972845,-0.505574742947535,-0.422935670972845,-0.355574742947535,-0.272935670972845,-0.205574742947535,-0.141787832849987,-0.0670432375428421,0.00821216715001318,0.0612675762369277,0.156955356358204,0.24681167062132,0.314568063977502,0.460859368134282,0.765275397662361,0.845358774936286,1.04151452236576,1.8,1.31007502856138,1.69910745671852,2.6286807935671
"111","BONA_074","41","facility_2019",0.66265,234.88622877839,-1.11756168414699,-0.937721270655701,-0.790494227722025,-0.643104957368143,-0.523301893910813,-0.414896249905682,-0.373301893910813,-0.264896249905682,-0.210229382026711,-0.118761412510375,-0.0351256319323927,0.0303670866973515,0.114616690560628,0.260751527955934,0.362818984380895,0.528007998189089,0.78303968912699,1.2008318871199,1.34713649739682,1.5807722779748,3.65,1.81320267109334,2.15013393193994,2.84636723760658
"112","BONA_074","21","facility_2019",0.704,234.808397727273,-1.07737073863636,-0.826147372159091,-0.676147372159091,-0.609563565340909,-0.516282315340909,-0.377264204545455,-0.367399147727273,-0.227264204545455,-0.217399147727273,-0.141999644886364,-0.0772642045454545,0.00657990056818182,0.0863213778409091,0.156404829545455,0.237669034090909,0.360311079545455,0.508611860795455,0.771974786931818,0.937017400568182,1.10448899147727,1.8,1.44546910511364,1.89835262784091,2.83704438920455
"113","BONA_074","23","facility_2019",0.753,234.476773572377,-1.07454814077025,-0.896824037184595,-0.746824037184595,-0.627451527224436,-0.523228419654715,-0.419981407702523,-0.373228419654714,-0.24239176626826,-0.196385790172643,-0.0925262284196547,-0.0415883134130146,0.0232174634794157,0.106360889774236,0.225598937583001,0.313318061088977,0.487501328021248,0.715859561752988,1.22566367861886,1.44837782204515,1.63202158034529,3.65,1.96051759628154,2.37676593625498,3.09972875166003
"114","BONA_086","39","facility_2019",0.76475,244.322460608042,-1.0895459300425,-0.886755802549853,-0.736755802549853,-0.586755802549853,-0.489545930042498,-0.340232428898333,-0.306227852239294,-0.189545930042498,-0.124578620464204,-0.0395459300424975,0.0600617848970252,0.133222948676038,0.261892448512586,0.408508989865969,0.743901819766808,1.25037942682794,1.82626315789474,3.0265829791871,3.33203574152773,3.65040775852675,6.44,4.04292819004032,4.47510046856271,5.34125465838509
"115","BONA_086","41","facility_2019",0.8157,244.339551918598,-1.04248222385681,-0.862328674757877,-0.733108373176413,-0.583108373176413,-0.44248222385681,-0.422355338972662,-0.29248222385681,-0.22063595684688,-0.141337501532426,-0.0942659678803482,0.00543980630133627,0.0782377099423808,0.18352917739365,0.278600894936864,0.425543704793429,0.686609353929141,1.18433370111561,2.08521178129214,2.39527982101263,2.71743870295452,6.44,3.11974040701238,3.58609445874709,4.44617077356871
"116","BONA_086","21","facility_2019",0.69575,243.19627787759,-1.13205018565098,-0.949202539226255,-0.799202539226255,-0.649202539226255,-0.554597796143251,-0.428223380045515,-0.350185291651695,-0.278223380045514,-0.175891364235238,-0.10062726074979,-0.0249086118097976,0.0479174751467242,0.148492394298718,0.212200622829081,0.339940471912804,0.468806803209965,0.650213558510001,1.03646760091029,1.13731919990418,1.27586393580069,2.845,1.47520217990178,1.68807138579471,2.66376703796862
"117","BONA_086","23","facility_2019",0.66235,243.114696660879,-1.17927367202637,-0.945569814549206,-0.751944842857502,-0.601944842857502,-0.53746043129262,-0.393744873053018,-0.314602425706449,-0.23746043129262,-0.122275861201278,-0.0228357363931456,0.0388782365818676,0.123735814398229,0.261091442087517,0.385376185803075,0.55196484738683,0.798248911703279,1.21072154701693,1.92783674291034,2.12834931179387,2.30524219320098,3.67,2.62361805188596,3.05455901965225,3.9373024080924
"118","BONA_087","39","facility_2019",0.90175,283.650170501802,-0.991676370021255,-0.775901487847704,-0.594622031235561,-0.405587746049348,-0.251546991960078,-0.107874041216154,0.0313413732557065,0.302046021624619,0.568473338878107,1.02648646151003,1.64909527770077,2.41555724979207,3.00428888272803,4.01273727012291,5.17695453285279,6.08270538767212,8.05083079197856,11.0383749191387,11.46972507162,11.7634710285556,13.925,12.0657868958507,12.4096945753627,13.2285213935865
"119","BONA_087","41","facility_2019",0.769,280.607623537061,-0.772682054616385,-0.499713914174252,-0.301680754226268,-0.108036410923277,0.137766579973992,0.405094278283485,0.873758127438232,1.61742847854356,2.47760078023407,3.32839726918075,4.29292912873862,5.51357282184655,6.78866710013004,8.1170156046814,9.05820546163849,9.86888166449935,10.6735468140442,11.5070481144343,11.7416547464239,11.9974252275683,13.49,12.286355656697,12.5874967490247,13.3509135240572
"120","BONA_087","21","facility_2019",0.74375,281.768570868347,0.185789355742297,0.987187675070028,2.07185490196078,2.96618543417367,3.59760896358543,4.11489355742297,4.7483893557423,5.68064761904762,6.76832717086835,7.88754173669468,8.63715518207283,9.24648459383754,9.73105322128851,10.2523316526611,11.2408969187675,12.1080633053221,12.8826308123249,13.957862745098,14.1645607843137,14.395275070028,15.85,14.6617053221289,14.9957114845938,15.8000571428571
"121","BONA_087","23","facility_2019",0.44475,279.827639123103,-0.7945137717819,-0.602973580663294,-0.350949971894323,-0.0890893760539629,0.113608768971332,0.365632377740304,0.677009555930298,0.925356942102305,1.16284991568297,1.43308600337268,1.79616076447442,2.29362563237774,3.55074198988196,4.46038223721192,5.25566048341765,6.1963293985385,7.82213603147836,9.43391793142215,9.79800449690837,10.3307195053401,15.85,10.7361157953907,11.2274817313097,11.8590444069702
"122","BONA_076","39","facility_2019",0.77895,255.808053576396,-0.982929584697349,-0.767519417164131,-0.617519417164131,-0.467519417164131,-0.343072405160793,-0.250821618845882,-0.123854226843828,0.0299145216851745,0.241562466568244,0.523881614138691,1.26026584932709,1.61307026552838,1.92106104371269,2.51901534116439,3.79970194920513,4.80534415987333,6.02750347690267,7.72682820891371,8.00314087339795,8.32677846246015,13.58,8.68900250336992,9.16569495260714,10.0671552517278
"123","BONA_076","41","facility_2019",0.92925,254.896585687382,-0.90984934086629,-0.724691955878397,-0.547149582997041,-0.374369114877589,-0.266817863868711,-0.161418348130213,-0.0101404358353511,0.246929782082324,0.543257465698144,1.02528060263653,1.49425154694646,1.96136992198009,2.42029916599408,2.97445574387947,3.68511353241862,4.48850955071294,5.37884046273877,6.85475168146355,7.25975517890772,7.59323513586225,12.05,7.97172585418348,8.4717339252085,9.37684126984127
"124","BONA_076","21","facility_2019",0.7358,254.376784225786,-0.814371772220712,-0.616658399021473,-0.468058235933678,-0.339055789616744,-0.213349075835825,-0.102579052278699,0.0623587704992299,0.412427743046118,0.943160958593821,1.52477960496512,2.45111058258585,3.39616709703724,4.54694765334783,5.6665254371659,6.57785913291655,7.45601125758811,8.55963803569811,10.0573046344115,10.3168619189997,10.619712217994,14,10.9625954743137,11.4200340898795,12.3290039186373
"125","BONA_076","23","facility_2019",0.80045,253.648327295063,-0.974282174610115,-0.750601744851854,-0.578594852895246,-0.461100006246486,-0.311100006246486,-0.181422949590855,-0.0682553563620464,0.0334330688987445,0.155998500843276,0.341404626564224,0.683879172132342,1.20067274658005,1.90464551189956,2.7224457076228,3.64151654277802,4.52265933745601,5.55783746642514,6.74054094571803,7.04949778249735,7.4528972244779,9.82,7.89881514564724,8.37340964457493,9.24094894538489
"126","BONA_071","39","facility_2019",0.7247,257.043146819374,-0.993884365944529,-0.705271836622051,-0.55527183662205,-0.409721953911964,-0.326773837449979,-0.224948944390782,-0.0793990616806955,0.034517041534428,0.105511935973506,0.216702773561474,0.428269628811922,0.75613978197875,1.39768110942459,2.1320304953774,2.8697668000552,3.54808886435766,4.23885055885194,5.03206844211398,5.22535876914585,5.4941044570167,7.59,5.79928591141162,6.19025458810542,6.93430315992825
"127","BONA_071","41","facility_2019",0.9018,256.141209987433,-0.976846677016338,-0.773819398240556,-0.609847342352332,-0.498298218378059,-0.376846677016338,-0.241678125231019,-0.200252642862423,-0.0502526428624233,0.00770089450728173,0.159312486138833,0.391351186515857,0.647982368596141,0.991998965032897,1.44066034597472,2.09286796776817,2.92257706808605,3.96612053670437,5.20655817993642,5.56903600206993,5.88643546240852,7.45,6.25857266947586,6.71190027352702,7.55526132919347
"128","BONA_071","21","facility_2019",0.659,255.249734446131,-0.952101669195751,-0.747814871016692,-0.597814871016692,-0.447814871016692,-0.318869499241275,-0.277329286798179,-0.147814871016692,-0.0709256449165402,0.0580197268588771,0.187534142640364,0.301684370257967,0.690682852807284,1.29204855842185,2.15744309559939,3.02142640364188,4.46823975720789,5.53098634294386,6.77981031866464,7.07684370257967,7.39732928679818,8.98,7.71997723823976,8.20930197268589,8.99020485584218
"129","BONA_071","23","facility_2019",0.8385,254.488150467104,-1.01089147286822,-0.752034386801829,-0.579673027231167,-0.494133373086861,-0.38743987278871,-0.262186444046909,-0.18846849532896,-0.0890896442059233,0.0188113695090439,0.106506658715961,0.239467302723117,0.463707016497714,0.698859073742795,1.10482210296164,1.8293023255814,2.92073047107931,3.68152355396541,4.74333233949513,5.05103955476048,5.40456867421984,8.98,5.813796461936,6.27029616378454,7.20269330153051
"130","BONA_077","39","facility_2019",0.849425,238.959906505381,-1.07672881655237,-0.851986343703093,-0.706099469248806,-0.607267170929354,-0.480841942098086,-0.402102647869637,-0.331127429339455,-0.197874787846681,-0.181127429339455,-0.0478747878466806,-0.012949446193994,0.110105120130284,0.16289156390107,0.287050553806006,0.386530348961552,0.600985715827373,0.922641296563361,1.49239627787425,1.69706217931738,1.87697358997753,3.18,2.20477916433666,2.56949107729739,3.31770673298604
"131","BONA_077","41","facility_2019",0.8119,238.705197479164,-1.07407608695652,-0.900836617810075,-0.714118682514267,-0.608643100546044,-0.458643100546044,-0.374806575111877,-0.291193291456255,-0.208520086628074,-0.124906802972451,-0.0410702775382847,0.0641189391140124,0.176644342488812,0.309615613581311,0.407514061666051,0.567142556554584,0.805071078129491,1.1285214722667,1.79598426530361,2.04569071519481,2.33972220511557,4.85,2.79477208810609,3.32550462905941,4.19199670525927
"132","BONA_077","21","facility_2019",0.8144,238.396169265717,-1.05532616036346,-0.858078339882122,-0.708298287082515,-0.576102038310413,-0.456492509823183,-0.385913709479371,-0.310262156188605,-0.221717675589391,-0.160262156188605,-0.071717675589391,0.00621162819253438,0.0781196279469548,0.1823658521611,0.28991128438114,0.414648053781925,0.626962334233792,0.925553167976424,1.5906635252947,1.80347049975442,2.09364885191552,3.93,2.38738657293713,2.79962472372299,3.6090285793222
"133","BONA_077","23","facility_2019",0.939675,238.348341447841,-1.08124125362492,-0.854824540399606,-0.729893535885634,-0.61317698495047,-0.484261402435239,-0.429893535885634,-0.335731325546953,-0.281363458997348,-0.185731325546953,-0.131363458997348,-0.018647404687791,0.042996913826589,0.146098385079948,0.196542687631362,0.32191249634182,0.492205416766435,0.720959374251736,1.3022502904373,1.45426561488458,1.64106823281099,3.56,1.90763912168214,2.33448883035801,3.16042350635415
"134","BONA_093","39","facility_2019",0.766,260.434395561358,-0.647495104438642,-0.414578981723238,-0.159813968668407,0.300461161879896,1.63377806788512,2.56948204960836,3.45434171018277,4.32454895561358,5.27659366840731,6.08133485639687,6.91687108355091,7.71855189295039,8.50435966057441,9.21255156657963,9.82721866840731,10.598661227154,11.8157548955614,12.8414712793734,13.1038368146214,13.4355943211488,17.36,13.7617219321149,14.1929572454308,14.9251028067885
"135","BONA_093","41","facility_2019",0.639925,259.719671445873,-0.738330663749658,-0.52254170410595,-0.321117709106536,-0.158917060593038,0.000291049732390511,0.395246708598664,0.792008568712479,1.26798817569767,1.99587230274381,3.15663059473115,5.26981117578883,6.8705111276061,7.87815134586084,8.69513640921462,9.36293732338425,9.98493195817218,10.7679677305934,12.806813428657,13.1042603950984,13.5340685757446,17.36,13.9030877316352,14.3673433084606,15.296848719251
"136","BONA_093","21","facility_2019",0.462325,258.910771102579,-0.995748120910615,-0.835365814091819,-0.588331801222084,-0.499165630238469,-0.359547937057265,-0.209547937057265,-0.102131617368734,-0.023347753203915,0.228869301898015,0.524854269182934,0.848779538203645,1.10212783215271,1.37897853241767,1.72304655815714,2.22092683718164,3.13977721299951,4.9962850808414,6.74872654517926,7.3053598658952,7.87124425458282,9.47,8.3805937381712,8.97511058238252,10.0382977342778
"137","BONA_093","23","facility_2019",0.48025,257.96680895367,-0.785976054138469,-0.583737636647579,-0.379469026548673,-0.229469026548673,-0.133737636647579,0.0127798021863613,0.173555439875065,0.323555439875065,0.740838105153566,1.36238938053097,2.25002602811036,3.21952108276939,4.05012493492972,4.79809474232171,5.43955752212389,6.03404476834982,6.68628318584071,7.51762103071317,7.66472149921916,7.86695991671005,8.49,8.16695991671005,8.56472149921916,9.43738157209787
"138","BONA_082","39","facility_2019",0.85165,298.441476839077,-0.613497035167029,-0.334632478130687,-0.146535842188693,0.178722479891974,1.04821082604356,2.23391328597429,3.26937826571949,4.99974696178007,6.32671813538425,7.22994862913169,8.20222597311102,8.94987171960312,9.67156754535314,10.3312003170316,11.2844880526038,12.1908198790583,13.0163526683497,13.8916491516468,14.0894384430224,14.299987083896,15.2,14.5450305289732,14.8587509540304,15.6110655785827
"139","BONA_082","41","facility_2019",0.50165,297.316532442938,-0.664031695405163,-0.340170437556065,0.204414432373169,1.41618060400678,2.36589853483504,3.1504046646068,3.86366789594339,4.51449018239809,5.7071394398485,6.6887252068175,7.94117711551879,8.97480613973886,9.81197348749128,10.6212428984352,11.7542938303598,12.6805222764876,13.3784541014652,14.0237097577993,14.1737097577993,14.3779577394598,16.37,14.5515349347154,14.8178959433868,15.599767766371
"140","BONA_082","21","facility_2019",0.64935,295.140321731988,-0.216442468109135,0.98788493621827,1.7861088011088,3.00736531403198,3.90338351171685,4.83730435563769,5.70082877749544,6.59143322809989,7.22597802931136,7.82450925284259,8.83885308385308,9.6745490362157,10.2973594106927,11.0057004440338,11.6122095172095,12.2834923384923,12.9414156464156,13.5883760683761,13.7950600600601,13.9864867431534,15.8,14.2664532481199,14.5881775365109,15.6714011447345
"141","BONA_082","23","facility_2019",0.4935,293.105101317123,-1.00242147922999,-0.738135764944276,-0.53274062816616,-0.322026342451874,-0.218936170212766,-0.0609574468085106,0.181398176291793,0.320759878419453,0.648115501519757,1.01460486322188,1.28793313069909,1.75746200607903,3.04609422492401,4.85078014184397,5.80126646403242,6.58538500506586,8.40600303951368,10.9905775075988,11.4414893617021,11.8509878419453,13.765,12.1912613981763,12.6492401215805,13.2232725430598
"142","BONA_080","39","facility_2019",0.7031,252.273501635614,-1.11511058170957,-0.843458256293557,-0.693458256293557,-0.582707651827621,-0.51948407054473,-0.36948407054473,-0.361110439482293,-0.21948407054473,-0.167007538045797,-0.0694840705447305,-0.00188166690371213,0.0823204380600199,0.16765147205234,0.297522756364671,0.448002773431944,0.789478381453563,1.60168325984924,3.21019769591808,3.83387178210781,4.45138173801735,7.67,5.16624662210212,6.00597390129427,7.14980443749111
"143","BONA_080","41","facility_2019",0.8814,252.282117937372,-0.996308713410483,-0.794469310188337,-0.62434507601543,-0.513827717267983,-0.414142557295212,-0.264142557295212,-0.22211708645337,-0.11574039407004,-0.0057151501399289,0.097454523107178,0.255772256258982,0.547988711141366,0.978292300128583,1.4730024203918,1.98295533620755,2.69211737009303,3.71825022691173,5.42571108463807,5.81883424098026,6.25618533015657,9.58,6.73238011496861,7.34376427652976,8.30995981771424
"144","BONA_080","21","facility_2019",0.7775,251.634537191854,-1.06401832797428,-0.813511897106109,-0.663511897106109,-0.564047266881029,-0.489982958199357,-0.363294855305466,-0.339982958199357,-0.213294855305466,-0.189765916398714,-0.0632948553054662,-0.0249877813504823,0.0834538049303323,0.147866988210075,0.274555091103966,0.354619399785638,0.692590675241158,1.53712175777063,3.37201457663451,3.87787384780279,4.41633526259378,7.67,5.0409397642015,5.78220482315113,6.81055348338692
"145","BONA_080","23","facility_2019",0.72925,251.285394240658,-1.0514329790881,-0.794396640383956,-0.644396640383956,-0.53502056907782,-0.494396640383956,-0.370365101131299,-0.295138841275283,-0.220365101131299,-0.107908810421666,-0.0703651011312993,0.0426876928351046,0.101170723345903,0.192625985601646,0.338255056564964,0.71317792252314,1.37097188892698,2.02019574905725,2.89222180322249,3.22651559821735,3.63524888584162,6.44,4.12648474460062,4.76465889612616,5.82320226259856
"146","BONA_075","39","facility_2019",0.92275,310.665616815678,0.581717240133658,2.23215569403052,3.38532150275445,4.73812471778199,5.78308182064481,6.62815271380836,7.26805382461844,7.76766549263975,8.20015849363316,8.64572699358801,9.09548767271742,9.53819967488485,10.0121245371625,10.440305698546,10.8026144676239,11.2138313916734,11.6808660706222,12.4133139167344,12.5645263252958,12.7468685089858,16.63,12.9765578434029,13.295681387158,14.1135983924862
"147","BONA_075","41","facility_2019",0.73425,308.905872205198,0.37401089547157,1.22614742934968,1.78628929746907,2.41396776756327,3.41588298717512,4.93054136874362,5.95605379639087,7.39250482351606,8.29057882192714,8.95182839632278,9.50060833049597,9.99694018840086,10.4439643627284,11.0165406877766,11.5741902167745,12.153164226535,12.7753109749177,13.4955793893996,13.6682215412552,13.8529168085348,15.21,14.089164680513,14.5046039042106,15.3718011576439
"148","BONA_075","21","facility_2019",0.77375,308.310919224556,-0.254408723747981,0.48918901453958,1.49478675282714,2.42207269789984,3.17160743134087,3.88424071082391,4.56030694668821,5.30833602584814,6.09030210016155,6.76934894991922,7.39941357027464,7.96590791599354,8.58372374798061,9.19511308562197,9.79074636510501,10.4618529886914,11.1533634894992,12.1607350565428,12.4120516962843,12.695549273021,16.44,13.0019305331179,13.3179935379645,14.2131033925687
"149","BONA_075","23","facility_2019",0.729,306.702606310014,-0.761091678097851,-0.417102766346593,0.0494050068587105,0.393816872427984,0.694557041609511,1.10583447645176,1.59784865112026,2.19016918152721,2.98699931412894,4.15828074988569,5.20724508459076,6.08021490626429,6.90908664837677,7.40317443987197,7.96851966163695,8.75853795153178,9.98720907636031,10.9676234567901,11.268463648834,11.6115992226795,15.73,12.0277640603567,12.5355275491541,13.585337219936
"150","BONA_088","39","facility_2019",0.5519,287.686917013952,-0.708756115238268,-0.408756115238268,-0.230109621308208,-0.0186854502627288,0.231917013951803,0.654203660083348,1.39929788005073,2.623090233738,4.49389110346077,6.33862928066679,7.6146684181917,8.39201032795796,9.08994020655916,9.8472558434499,10.5445669505345,11.0940822612792,11.7036628012321,12.4353397354593,12.5996765718427,12.8214350425802,14.84,13.0441791991303,13.3878691791991,14.0750199311469
"151","BONA_088","41","facility_2019",0.82445,286.749619443265,-0.757224412234419,-0.470846119635312,-0.292627307093618,-0.0512845937695838,0.165666100632745,0.612088968403178,1.38223472213799,2.16562182869388,3.16376655143833,4.11434340065094,5.34048082560091,6.52029342794186,7.38185568156549,8.18901388804658,9.08883781106596,9.83320152829159,10.6149348050215,11.678494855156,11.9137647320436,12.2611956455819,14.84,12.6528097519558,13.2414572341157,14.1532687448198
"152","BONA_088","21","facility_2019",0.5721,285.636144030764,-0.57674357629785,-0.181043523859465,0.498435588183884,1.26522461108198,1.7564936199965,2.27673483656703,2.95866981296976,3.66983744100682,4.75918370914176,6.29284740429995,7.24086173745849,7.9831445551477,8.67618772941793,9.45125327739905,10.1508232826429,10.7641950707918,11.3602884111169,12.1285806677154,12.3262995979724,12.5507341373886,14.24,12.8487939171474,13.2797587834295,13.973918895298
"153","BONA_088","23","facility_2019",0.90215,283.646034380831,-0.93803136950618,-0.709035359973397,-0.545570304273125,-0.395570304273125,-0.257378207615142,-0.125726043340908,-0.0104329472186813,0.11926019324207,0.607365922148941,1.51370420661752,2.42729599660071,3.52236703061206,4.79810831532081,7.0540353599734,8.22149753366957,9.25537770880674,10.3365393781522,11.4684931367659,11.7036993109054,11.9784131426777,14.69,12.3012821223374,12.7149951966598,13.5730049511353
"154","BONA_072","39","facility_2019",0.6805,268.869394562821,-0.423193240264511,-0.146372520205731,0.79943938280676,2.28611462160176,3.25638648052902,5.10839529757531,6.43145922116091,7.77538501102131,8.97320279206466,9.68260176340926,10.248685525349,10.7863622336517,11.1994555473916,11.6452711241734,12.1235260837619,12.7841175606172,13.5410404114622,14.3893012490816,14.5968104335048,14.8142659808964,17.21,15.070015429831,15.4260609845702,16.3502108743571
"155","BONA_072","41","facility_2019",0.7708,266.900981015395,-0.450779493167272,-0.0810908579830479,0.727803580695382,1.71165585538834,2.75137432970074,3.74089820100329,5.32779925618405,6.49589041688289,7.3324076716831,8.3543543504584,8.99405877010898,9.80312316208268,10.4958255492129,11.1047615032001,11.6913414634146,12.4185826414115,13.0558932278153,13.7374952430375,13.9284234993946,14.0789054661823,16.05,14.3322083117108,14.6257239231967,15.5912147552327
"156","BONA_072","21","facility_2019",0.5517,267.516380279137,0.499491269409703,2.26431816808652,3.25444414234789,4.03021901999879,5.83188357198961,7.7405395444384,9.01990876684188,10.0706032868105,10.7444882484442,11.3526324693372,11.9384263790708,12.6885079451393,13.2706643103136,13.7545761585403,14.2016533744185,14.7194677058788,15.3609090085191,16.3065905383361,16.5391610778805,16.8187798320343,18.37,17.1033004048094,17.5182088695547,18.285229593378
"157","BONA_072","23","facility_2019",0.7345,265.503364647152,-0.530588382119356,-0.242426367143181,0.166921261629226,0.766190605854323,1.85800816882233,4.18528863172226,5.70800068073519,6.97125323349217,8.41445631949172,9.54349103698661,10.3055763557976,11.0443011118675,11.6768756523712,12.2316777853415,12.7575808940322,13.3360120263218,13.9377594735648,14.6795085091899,14.8877692307692,15.1013138189244,16.5,15.374511005219,15.7663365100976,16.7015411844792
"158","BONA_078","39","facility_2019",0.6637,282.280684043996,0.246408769022149,1.27333358445081,2.25208527949375,3.62508738888052,5.53682085279494,6.83979885490432,7.67160388729848,8.34640801566973,8.97595449751394,9.57576465270453,10.3143927979509,10.8655755612475,11.3993167093566,11.8346414042489,12.3729418411933,12.8809522374567,13.4235151423836,14.2022932047612,14.3983930992918,14.6710916076541,16.42,14.9435528100045,15.3222065692331,16.261972276631
"159","BONA_078","41","facility_2019",0.7964,280.728869286791,-0.237848024443328,0.427943872425917,1.26942637702997,2.62899150343211,4.10093399464256,5.14465260338189,5.99026933701658,6.67498074669345,7.36066214632513,8.59058429599866,9.6777829398962,10.450361627323,11.0498669010547,11.6480462079357,12.2899012221664,13.0184065796082,13.7526431441487,14.6008663987946,14.8080217227524,15.0295215971873,16.82,15.2763092248451,15.6196040515654,16.6150278335845
"160","BONA_078","21","facility_2019",0.7678,279.217127507163,-0.557878353737953,-0.289673743162282,0.243300338629852,0.933999088304246,1.38631414430841,1.94618650690284,2.97792979942693,5.57292003125814,7.82592016150039,8.82779239385257,9.57851654076583,10.4860022141183,11.2332358687158,11.9345903881219,12.62334201615,13.2253998437093,13.9017393852566,14.8647831466528,15.083666319354,15.3308009898411,17.32,15.6651067986455,16.0314261526439,16.9680138056786
"161","BONA_078","23","facility_2019",0.8357,277.870838020023,-0.84926189621475,-0.617908938614335,-0.45622412348929,-0.231404810338638,-0.0386053607753979,0.329134258705277,0.645704200071796,0.944120497786287,1.22655737704918,1.58522775318097,1.9212873439432,2.32499581189422,2.88399704838259,3.60440708388178,4.75918451597463,6.11162558334331,7.52937178413306,8.95164851820829,9.37558713254358,9.82354692672809,16,10.2336701766982,10.7618668980097,11.7161226117825
"162","BONA_089","39","facility_2019",0.83875,279.118443119722,-0.662490312965723,-0.206429706905117,0.166655240933929,0.554854446100348,0.966302533532042,1.44064232488823,2.07609836065574,2.84896224540487,4.55914456035767,6.89450471932439,7.8828171882762,8.40349776453055,8.79921162444113,9.1954262295082,9.61229905613512,10.0352826626925,10.6194302036761,11.8722200695479,12.3802081470442,12.6364823646299,14.6,12.9655384997516,13.3578186785892,14.212262791853
"163","BONA_089","41","facility_2019",0.8115,277.192288971041,-0.600444136372972,0.0630463134113782,0.497873793386732,0.872065105771206,1.383275313206,1.90136013555145,2.43273464777162,2.97704302731567,3.44040151981926,3.94413842678168,4.39333692750051,4.89205329636476,5.40819726843294,6.12264582049702,7.8734124050113,10.011370918053,11.482713596221,12.4081500308071,12.9119536865886,13.393252721298,14.93,13.7594264736085,14.1167123639351,15.0439469090162
"164","BONA_089","21","facility_2019",0.4775,275.875617801047,-0.855314136125654,-0.552774869109948,-0.395235602094241,-0.227408376963351,-0.0365706806282722,0.275910994764398,0.654089005235602,1.11374869109948,1.65410471204188,2.18177486910995,2.71466492146597,3.65662827225131,4.75253403141361,5.6086335078534,6.6351780104712,7.74153403141361,8.76352879581152,9.91397382198953,10.249890052356,10.5842565445026,13.35,10.9861151832461,11.5221361256545,12.3923403141361
"165","BONA_089","23","facility_2019",0.6725,274.84619826518,-0.773386617100372,-0.468676579925651,-0.139466542750929,0.145979553903346,0.397767038413879,0.725352540272615,1.52335439900867,2.10839157372986,2.63031722428748,3.0798897149938,3.76485625774473,4.50131226765799,5.04379553903346,5.5369677819083,6.32615179677819,7.09020755885998,7.81543618339529,8.7607800495663,9.30064807930607,9.77911276332094,14.85,10.1930192069393,10.7027775712516,11.7319931846344
