uid,namedLocation,date,domainID,siteID,plotID,plotType,nlcdClass,decimalLatitude,decimalLongitude,geodeticDatum,coordinateUncertainty,easting,northing,utmZone,elevation,elevationUncertainty,eventID,eventType,dataCollected,samplingProtocolVersion,targetTaxaPresent,treesPresent,treesAbsentList,shrubsPresent,shrubsAbsentList,lianasPresent,lianasAbsentList,nestedSubplotAreaShrubSapling,nestedSubplotAreaLiana,totalSampledAreaTrees,totalSampledAreaShrubSapling,totalSampledAreaLiana,remarks,measuredBy,recordedBy,dataQF
"3966229e-b00c-480b-8368-ea0288461b01","BONA_089.basePlot.vst","2016-09-12","D19","BONA","BONA_089","tower","deciduousForest",65.155778,-147.511087,"WGS84",20.2,476039.49,7225912.89,"6N",268.1,0.3,"vst_BONA_2016",,,"NEON.DOC.000987vD",,,,,,,,"25","noneSelected",800,100,800,,,"mgrandfield@field-ops.org","legacyData"
"4af9ee13-377f-4ca3-90a5-4a1c291ca708","BONA_088.basePlot.vst","2016-09-12","D19","BONA","BONA_088","tower","mixedForest",65.157410,-147.505953,"WGS84",20.1,476281.64,7226092.83,"6N",278.6,0.2,"vst_BONA_2016",,,"NEON.DOC.000987vD",,,,,,,,"25","noneSelected",800,100,800,,,"MGRANDFIELD@FIELD-OPS.ORG","legacyData"
"7a099777-96c1-46e4-8de7-7663884ed032","BONA_083.basePlot.vst","2016-09-13","D19","BONA","BONA_083","tower","shrubScrub",65.154212,-147.497580,"WGS84",20.1,476671.34,7225733.30,"6N",225.7,0.1,"vst_BONA_2016",,,"NEON.DOC.000987vD",,,,,,,,"10","noneSelected",800,40,800,,,"mgrandfield@field-ops.org","legacyData"
"c098121f-7b3a-4f63-8ef0-fe586e230f86","BONA_085.basePlot.vst","2016-09-13","D19","BONA","BONA_085","tower","shrubScrub",65.153907,-147.507156,"WGS84",20.1,476222.11,7225702.89,"6N",233.7,0.1,"vst_BONA_2016",,,"NEON.DOC.000987vD",,,,,,,,"10","noneSelected",800,40,800,,,"mgrandfield@field-ops.org","legacyData"
"84ec2152-2c5c-4b49-ad3e-d0e895495eb4","BONA_074.basePlot.vst","2016-09-14","D19","BONA","BONA_074","tower","shrubScrub",65.154223,-147.495004,"WGS84",20.1,476792.12,7225733.58,"6N",224.7,0.1,"vst_BONA_2016",,,"NEON.DOC.000987vD",,,,,,,,"10","noneSelected",800,40,800,,,"mgrandfield@field-ops.org","legacyData"
"0c42f13a-8751-4021-8d65-96903a256186","BONA_081.basePlot.vst","2016-09-15","D19","BONA","BONA_081","tower","shrubScrub",65.155823,-147.498863,"WGS84",20.2,476612.60,7225913.32,"6N",231.8,0.1,"vst_BONA_2016",,,"NEON.DOC.000987vD",,,,,,,,"10","noneSelected",800,40,800,,,"mgrandfield@field-ops.org","legacyData"
"621e0430-fd8f-485c-aa02-0548a8b6c806","BONA_077.basePlot.vst","2016-09-15","D19","BONA","BONA_077","tower","shrubScrub",65.155280,-147.496312,"WGS84",20.1,476731.72,7225851.86,"6N",229.1,0.1,"vst_BONA_2016",,,"NEON.DOC.000987vD",,,,,,,,"10","noneSelected",800,40,800,,,"mgrandfield@field-ops.org","legacyData"
"461efd6f-0774-481f-bc1a-c0643289ace5","BONA_073.basePlot.vst","2016-09-15","D19","BONA","BONA_073","tower","shrubScrub",65.156626,-147.496992,"WGS84",20.1,476701.02,7226002.12,"6N",231.9,0.1,"vst_BONA_2016",,,"NEON.DOC.000987vD",,,,,,,,"25","noneSelected",800,100,800,,,"mgrandfield@field-ops.org","legacyData"
